distance_km,time_of_day,day_of_week,past_donations_count,days_since_last_donation,blood_group_match,request_urgency,avg_response_time,responded
2.3463404498842957,0,5,4,44,0,0,10.07,1
15.050607154587606,0,2,2,59,1,0,10.62,0
6.583728467727247,18,2,5,58,1,0,11.31,0
4.564712768879766,4,2,5,189,1,0,8.04,0
0.8481243523117314,12,6,4,658,1,1,9.22,1
0.847981459573026,18,5,4,699,1,0,9.24,1
0.29919384304340335,11,0,1,649,0,1,7.21,0
10.056154322399697,15,5,2,656,1,1,13.53,0
4.595410768136323,18,0,3,301,1,2,13.48,0
6.156250308522951,2,2,4,449,1,0,12.63,0
0.10399653999569311,11,3,2,518,0,0,16.17,0
17.51778737579156,4,3,2,205,1,2,15.41,0
8.932147716773375,1,0,0,260,1,1,13.33,0
1.1934381262447349,21,2,2,347,1,2,14.62,1
1.0033949437483167,6,5,2,496,0,2,12.2,0
1.0130571141612852,12,3,2,469,1,1,11.55,0
1.8137686473023855,14,0,4,85,1,0,9.29,0
3.7196391543042724,21,5,2,360,1,1,11.86,0
2.8276853339016834,2,2,4,302,1,1,11.46,1
1.7211149627697075,20,1,3,50,1,1,14.76,0
4.731854369498993,19,2,1,194,0,1,14.66,0
0.7511726436366933,4,6,3,521,1,1,10.06,1
1.7275775600120113,23,2,6,447,0,1,7.11,0
2.281386091104235,7,5,4,609,1,0,11.94,0
3.044673439298875,21,5,2,296,0,0,14.2,1
7.689680055154559,0,4,6,367,1,2,11.65,0
1.1136793106434515,7,4,3,637,1,2,11.06,0
3.6101457751656385,23,5,2,217,1,1,13.34,0
4.487523606548803,17,5,5,504,1,0,11.71,0
0.23781924878204272,19,1,4,237,1,0,8.1,0
4.676665103248051,15,1,2,103,1,0,12.96,0
0.9348062598870821,17,2,4,703,0,0,12.61,0
0.33631965439652123,19,6,2,702,0,0,13.42,0
14.868438967534654,11,3,1,423,0,0,13.04,0
16.853151712305863,12,6,3,519,0,0,16.82,0
8.261657864064384,12,1,2,601,1,1,16.26,0
1.8164392998437915,9,2,3,55,0,2,11.62,0
0.5138865750125312,6,6,5,566,1,0,9.62,1
5.763753815493309,13,0,3,544,0,0,13.0,0
2.9004542129269915,23,4,2,286,1,2,12.28,0
0.6507611697722432,15,6,0,309,0,2,16.54,0
3.4177361406707507,14,3,2,585,1,0,9.87,0
0.17496860721739543,11,2,2,62,1,0,11.92,1
12.002114436965119,8,6,5,323,1,0,11.37,0
1.4972888842034304,7,5,1,653,0,0,15.21,1
5.431278992824902,17,0,1,337,1,0,10.24,0
1.8677329082881182,22,4,2,320,1,0,10.49,1
3.6705544795461433,17,0,2,333,0,1,9.05,1
3.9561189899089877,12,2,3,72,0,0,9.85,0
1.0219429975395287,17,1,1,585,1,1,10.65,1
17.46403566368113,14,4,2,628,0,0,13.48,0
7.461226885690704,3,0,1,509,1,1,13.66,0
14.02547209645791,16,1,0,112,0,1,13.69,1
11.260759987670983,4,3,4,233,1,1,10.85,0
4.555272061916375,21,2,2,671,1,0,14.79,0
12.747176896347025,15,2,3,167,1,0,9.52,0
0.4632772947655781,8,4,4,112,0,0,6.94,1
1.0906734731563372,9,0,4,716,1,1,12.22,1
0.23140982843415978,23,3,6,677,1,0,8.42,1
1.9676604340154342,17,5,3,648,1,1,9.56,0
2.460651458971093,16,4,4,180,1,0,11.91,1
1.5828022160441284,17,5,1,650,1,0,9.26,0
8.82278932620467,6,4,4,348,1,1,9.08,0
2.2061349976493507,3,0,5,276,1,0,5.22,0
1.649014200671246,4,3,0,66,0,0,14.52,0
3.91203541603873,22,0,1,297,0,1,16.35,0
0.7594907391031442,15,2,5,615,1,1,8.85,1
8.102417978873657,2,5,5,144,0,0,8.42,0
0.38737934405654506,17,1,5,110,1,0,13.57,1
21.6707316979366,22,6,3,556,1,1,12.85,0
7.397418881207557,20,2,3,365,0,2,16.36,0
1.1076972025294298,13,2,5,113,0,0,10.32,0
0.027687101879677375,14,5,4,183,1,1,11.25,0
8.44948388743063,16,4,2,282,1,2,15.29,0
6.1354795369352235,0,2,1,531,0,0,12.9,0
6.528314543939995,20,6,3,477,0,0,12.09,0
7.376072630217568,16,3,3,302,1,1,6.76,0
0.38464632756898176,22,2,5,536,0,0,13.48,1
2.2194633620811626,10,3,5,161,1,0,10.78,1
0.6157505230222483,16,0,4,354,1,0,10.59,1
9.942647858291114,13,4,2,380,0,0,14.21,0
4.8815059585618705,19,3,1,112,0,0,10.84,0
2.009094006256505,18,2,4,155,0,1,9.7,1
0.32834032902391447,20,4,2,243,0,2,13.51,0
1.8624417520517687,6,6,2,629,1,0,12.49,0
1.9665710659206568,23,4,3,491,1,0,12.49,1
6.539378919788704,12,3,1,654,1,1,13.7,0
5.0744467946300995,17,3,3,134,1,1,12.86,1
10.911259562007574,22,1,3,400,0,1,8.96,0
3.195330666881549,13,1,10,92,0,1,8.56,1
0.6368619680775095,0,4,2,498,0,2,11.43,0
6.245631721582997,6,5,2,55,1,0,12.52,1
7.151963765384321,7,5,3,669,1,0,10.4,0
4.119437474429144,17,1,9,30,0,0,6.23,1
7.369449833606822,8,2,3,123,1,0,12.06,0
3.4040736575513897,0,0,2,481,1,2,13.87,1
3.698394193886335,21,4,2,41,1,2,14.2,0
2.789070969542137,16,0,2,707,1,2,13.27,1
0.12873886995056866,18,1,2,327,0,0,11.21,0
0.5708371759593291,5,3,2,449,0,1,13.14,0
0.1596684064652691,2,6,4,608,0,0,11.28,0
5.0586477546377475,23,4,1,196,0,2,13.32,0
1.8869835439754992,4,1,0,283,1,0,15.07,1
3.5521858856709505,1,2,2,600,1,0,9.85,0
11.906327649229878,19,6,7,323,1,2,4.35,0
1.4336941149164917,3,4,2,173,0,1,14.78,0
2.641409874413363,9,4,2,238,0,2,12.14,0
7.043745737692917,9,5,3,255,1,0,12.43,0
1.2990257845869702,23,3,3,487,1,2,9.86,1
0.40052139275088183,20,4,2,313,1,1,14.92,1
1.7107015194352853,10,3,4,632,1,1,11.5,1
0.8790417925003142,15,1,5,515,1,1,9.64,1
13.274750429403124,16,2,4,140,1,1,11.37,0
8.254435402422848,15,6,2,379,1,0,8.92,1
5.017470952602655,6,6,5,362,1,0,10.75,1
10.257598652604065,15,2,2,109,1,1,15.37,0
8.139844703702781,2,4,2,415,0,1,13.03,0
1.0324773817931954,15,4,4,433,0,0,11.17,0
11.154067026177806,7,1,4,357,0,0,10.17,0
3.87549950983086,11,5,2,323,0,1,14.57,1
8.23674145651783,2,5,6,523,0,0,11.66,0
11.321213246431157,16,5,3,213,1,0,10.74,0
1.9136535820915923,20,3,7,241,1,2,9.12,1
0.5829608006192541,17,5,1,280,1,0,13.66,0
1.2934337306969068,10,2,1,196,1,0,14.0,0
2.785288463743072,3,6,2,572,0,0,10.85,0
8.519148633194725,15,6,0,692,0,0,16.29,0
9.856724859399167,16,3,4,191,1,0,11.93,0
0.03488204590825324,8,1,5,637,1,2,12.4,1
3.574380796692779,5,2,2,302,0,1,10.17,1
2.7013666045933564,23,6,1,565,1,0,11.09,0
1.2558366913791223,19,2,2,448,1,0,16.52,0
0.638401957728234,1,6,9,659,0,1,9.09,1
2.059542899312162,8,0,3,436,0,0,9.97,1
14.315605613455748,20,1,2,421,1,2,14.14,0
1.951919014407372,5,1,6,467,1,0,8.27,0
3.6572640288007596,2,0,5,116,0,1,6.6,0
6.070434884404275,19,3,1,434,0,1,9.0,0
2.259872494834812,5,6,1,304,1,2,13.16,0
17.8389906914585,6,6,4,444,0,0,13.92,0
16.41004932270699,0,6,0,591,1,1,17.04,0
1.4503064749610264,22,5,1,356,0,0,15.72,0
3.438296392319236,0,5,1,141,0,2,14.86,0
1.7896523003952338,4,5,2,331,0,0,13.03,0
1.6762483819054086,5,5,6,165,1,0,11.5,1
0.18792238882761267,12,5,2,362,1,1,8.38,1
4.702460354912966,1,0,8,32,1,0,9.58,0
3.4925981641481925,14,1,2,191,1,0,10.16,0
0.2642554369019624,14,3,1,541,1,0,11.37,1
1.6331296050518467,12,2,3,106,1,0,12.99,1
11.944304755446701,13,5,2,214,0,2,14.26,0
1.3693027607103851,21,0,2,599,1,0,11.18,0
0.7826543049273488,6,6,1,509,1,1,14.49,0
3.3613605473681814,13,3,4,192,1,2,11.93,0
21.2201849130763,23,3,3,50,1,0,10.98,0
1.3857240677986309,9,3,1,606,1,0,13.51,0
5.575775051486467,16,0,2,607,1,0,16.56,0
7.169438131197314,13,2,2,327,1,2,11.84,0
1.356665861679029,7,5,2,328,1,2,11.91,0
6.513744642461581,3,3,4,311,0,0,11.1,0
2.29261399632152,15,0,8,501,1,0,7.23,1
5.002518738658857,23,6,5,439,1,2,11.58,1
5.019189135688191,12,1,2,421,1,1,15.34,0
3.836926249761744,21,6,4,716,1,1,10.31,0
0.47314579405810475,19,0,2,194,1,1,10.69,0
9.018223971231485,17,0,3,111,1,1,15.55,0
1.9340514683369832,13,0,3,687,0,2,11.84,0
1.0321605330377828,17,3,6,193,0,2,5.79,1
0.208148798971726,4,0,7,133,1,2,12.12,1
4.468892022972917,8,1,3,159,1,2,13.85,0
5.659258671336744,2,3,3,625,0,0,14.8,0
0.0836347377923531,7,6,2,149,0,0,15.27,1
3.588152922747442,19,1,2,288,0,2,17.69,0
1.2841207352747883,21,4,1,133,1,0,11.13,1
5.18062170773846,9,6,4,393,1,1,9.21,0
0.9580211126956688,21,0,3,575,0,2,10.62,1
5.8710626378385955,18,5,1,398,1,0,12.16,0
2.4447935049055087,20,5,4,715,0,0,11.05,1
13.801719089021535,2,3,1,355,1,0,12.22,0
0.7397220671963947,10,5,5,214,0,0,7.62,1
2.085662169975859,10,6,4,423,1,1,9.05,0
0.6022214251849821,16,3,3,373,0,0,11.01,1
12.930951985753618,15,6,5,559,1,2,12.29,0
10.491668535804969,6,0,0,446,1,0,12.85,0
1.4916368503074446,3,2,1,260,0,1,14.82,1
5.393813695219572,22,2,1,164,0,0,10.56,0
8.497420363196106,18,1,4,74,0,1,4.4,0
4.05066180343254,11,0,2,653,1,0,12.13,0
3.77139705096973,14,5,6,521,0,0,7.98,1
1.3843852271895156,10,0,1,624,1,1,11.44,0
0.48863070237470363,4,4,4,451,1,2,8.8,1
11.375616125972615,4,2,4,580,0,0,9.38,0
11.533872138242135,14,5,1,174,0,0,11.23,0
5.0133495974144235,17,6,2,346,1,1,10.61,0
2.0702325490566196,10,6,3,592,0,2,8.88,0
2.1478380790582197,11,2,8,322,0,0,3.34,1
6.472327148635591,1,0,0,608,1,0,9.58,0
11.370486745536262,19,5,1,565,0,0,18.12,0
10.905662846983066,14,1,3,663,1,0,11.47,0
7.5678109596545164,19,6,1,495,0,0,16.25,0
5.1365534678385245,3,0,4,78,1,0,10.44,1
0.43945863098042026,21,1,4,690,1,0,10.51,1
0.8814710734170574,17,5,0,488,1,0,14.61,0
11.441152500887528,5,2,1,726,0,0,14.48,0
4.662469734827948,22,4,6,454,0,0,6.71,0
0.04619802805497204,18,3,5,686,1,0,9.24,0
0.5349845071797467,10,2,2,690,0,0,13.01,0
5.4458119364512045,23,1,3,97,1,0,7.73,0
0.025372185258985012,1,0,7,538,0,0,10.99,1
0.8765790805209952,7,6,1,239,1,2,15.33,1
3.9784892306946587,10,5,4,329,0,0,6.6,1
5.8865764332740635,4,2,3,153,1,1,9.84,0
5.277207410676244,17,6,2,321,1,0,12.61,0
1.2697493365401225,22,6,2,450,0,0,14.08,0
6.227086444492694,17,4,3,79,0,1,14.65,0
1.3541187952640297,13,5,6,212,1,0,7.93,1
1.9681745445904222,21,1,4,276,1,0,15.48,0
6.861787758328953,9,5,1,117,1,0,13.1,0
5.24386907151384,2,5,3,679,1,0,11.15,0
9.459780387317005,8,0,3,579,0,0,12.72,0
5.359066440848812,2,3,1,590,1,1,13.82,0
4.200221527936287,10,6,2,101,1,0,12.91,0
0.49178530724205244,11,1,1,585,1,2,17.19,0
2.2920815360351003,11,0,2,320,0,0,12.89,0
1.5408007392941558,2,6,4,533,1,0,8.83,1
1.3985010183121063,20,3,0,657,0,2,12.32,0
18.06154703081463,6,0,2,690,0,0,15.35,0
2.4969374852001187,13,3,0,342,1,2,15.37,0
11.130276056242614,23,3,5,317,1,0,6.89,0
4.986671928682416,10,3,1,537,0,0,9.99,1
7.919126263441999,6,0,1,100,1,0,13.25,0
3.492176621943852,20,5,1,190,1,0,14.43,1
4.300779513207925,9,3,5,156,0,1,8.64,1
3.391467166708467,10,5,2,485,1,0,9.04,0
1.0860744766261925,14,6,2,711,0,0,10.15,0
6.408809015329019,18,6,2,558,0,0,15.69,0
1.6478868418313146,15,1,1,333,0,0,14.19,0
0.12308240540344308,21,4,2,519,1,2,14.4,0
5.18484393147637,20,5,1,268,0,0,15.53,0
0.9746678511241135,19,6,8,205,1,1,6.35,1
14.105415736366515,11,4,10,239,1,0,5.25,0
15.387812063940116,17,3,3,598,0,0,11.26,0
12.317549423169208,22,4,3,388,1,1,12.43,0
2.3114369824868337,12,4,5,218,1,2,12.18,1
0.07788657685972192,4,3,0,538,1,2,17.74,0
13.177617286659448,3,5,2,585,0,1,14.03,0
2.7946913852653066,13,3,3,663,0,0,13.24,0
17.00421008061028,7,1,1,62,1,0,17.05,0
16.568677380651028,8,2,0,530,0,1,13.59,0
9.586935085897094,18,0,1,341,0,0,15.58,0
1.7438803408608015,2,3,2,569,1,2,13.56,1
2.431459660493468,4,3,0,180,0,1,15.23,0
9.523633262390398,20,4,6,604,1,2,8.77,0
1.9057311571535853,17,1,5,548,1,1,7.21,1
0.928593081478774,0,6,3,140,1,1,12.29,0
4.068684960301139,7,6,3,671,1,0,12.3,0
13.756467354035209,18,4,1,161,1,1,12.05,1
5.954127988789686,16,5,2,549,1,0,12.21,0
4.220561682178277,16,3,6,334,1,1,7.44,1
0.5111409867466145,10,3,2,58,0,1,10.65,0
4.7726535775885885,1,4,5,380,1,1,9.04,0
23.052848739231585,5,3,5,547,1,1,7.34,0
0.7546029332113208,21,5,2,521,1,1,11.23,0
3.6524766249075187,13,2,5,437,1,0,11.43,0
10.493043189503972,2,0,5,537,1,2,12.91,0
6.75017124176835,11,0,4,653,0,0,14.95,0
5.970372126508366,3,0,4,134,0,2,10.0,0
6.06143778112245,11,2,1,581,0,0,15.6,0
2.2274617115747457,12,3,0,349,0,2,14.67,0
1.737810421335476,1,4,1,75,1,0,12.73,1
8.286872536298562,1,6,1,270,1,1,14.0,0
8.306640995435144,14,1,4,299,0,0,13.0,0
10.089750236839574,22,3,1,696,1,1,12.2,0
12.223079809183181,16,2,4,657,0,0,9.76,0
3.5804661846645187,6,5,3,66,1,1,10.78,0
3.480921887755996,13,2,1,234,1,0,11.95,1
8.004749661542437,11,6,7,515,1,1,10.8,1
5.2485953744390015,16,0,2,139,0,0,10.87,0
6.052753242557585,13,3,7,515,1,0,7.22,1
7.943097374771025,5,6,3,347,1,2,12.22,0
11.036617381733835,18,0,4,621,1,2,11.26,0
2.062412035688271,23,1,3,105,1,1,10.78,0
2.3546839436377818,5,5,3,639,0,2,14.97,0
0.4934801959368028,17,0,2,527,0,0,11.14,1
4.3170701330471735,23,1,3,508,0,0,11.26,0
0.18302052105428498,4,2,3,418,1,0,7.75,1
3.133034740910548,23,0,4,617,1,0,10.19,0
3.9114729284356295,23,0,2,622,0,0,9.75,0
1.6881533015726125,5,4,1,393,0,1,11.37,0
4.468162650730877,1,5,3,338,1,0,7.69,0
0.15487531050737272,7,5,5,92,1,0,8.21,0
0.1903174964139469,14,6,5,296,0,1,9.85,1
8.64675684769068,14,2,1,62,0,0,12.71,0
2.2329251210387238,10,4,1,69,1,0,12.37,0
0.6794452064871399,21,6,5,715,0,0,9.35,0
3.693267941395078,21,1,2,289,1,2,11.39,1
7.3482397022286765,23,6,9,296,1,0,6.73,0
1.2155900171495169,0,1,1,696,1,2,12.98,0
4.876098093282464,17,2,5,690,1,1,10.55,0
0.44605514494948645,11,5,7,254,0,0,8.0,1
0.265325479551547,11,1,4,412,1,0,9.93,1
3.789544703127605,10,2,4,527,1,1,12.36,0
3.889552213473711,7,6,2,668,0,2,13.61,0
5.072687241023079,6,1,5,34,0,0,9.94,0
6.4748028145834216,22,3,4,475,1,0,13.19,0
18.617785043499964,20,0,7,317,1,0,8.57,0
3.631455596151781,1,6,3,87,0,0,11.28,0
1.950098570529894,10,5,5,101,1,2,9.86,1
7.928269898663432,21,6,5,696,1,0,10.33,0
1.5792573271806865,9,3,2,709,0,0,10.57,1
2.8899171563665065,2,2,4,570,1,2,7.05,0
0.4085258429183495,19,2,2,111,1,0,12.96,0
0.1283880477073719,9,6,4,647,1,1,12.47,1
16.43689961634301,17,3,0,306,1,1,12.0,0
9.038838210575314,13,6,3,551,1,0,13.75,0
5.953213663996708,17,0,5,603,1,0,6.71,0
2.6292982223257093,23,0,3,165,0,0,10.48,0
0.9515326807105438,7,4,2,143,1,2,15.81,0
0.8506037078642708,9,1,2,186,1,1,13.11,1
1.440029945632918,21,4,5,425,1,0,9.4,0
3.983953241566573,12,0,1,258,1,1,13.7,0
6.2692464388838784,20,3,1,641,1,1,15.59,0
5.396951748483993,7,1,3,284,0,0,8.71,1
1.6420613069449796,3,3,4,208,1,0,13.44,0
15.490517492781532,3,4,1,258,0,1,12.22,0
6.695087024376132,4,2,7,396,1,0,9.82,0
4.0411524096566565,0,3,1,60,1,2,11.97,0
4.7301523601871756,16,4,2,137,0,1,15.77,0
2.7201893276602567,1,4,2,311,1,0,12.34,0
1.4233064613703175,7,4,5,650,1,2,7.34,1
2.200070646615562,6,2,3,419,1,0,12.54,0
7.090909238783566,14,2,2,570,0,2,15.0,0
0.07249039860402139,4,6,4,558,1,0,13.18,0
0.6169019611998803,1,2,2,433,1,1,12.59,0
0.23547188476260264,6,1,2,199,1,1,14.02,1
0.20790725958646214,7,2,5,204,1,0,9.16,1
9.671015168078293,6,2,2,103,1,0,13.58,0
6.081203058503442,6,2,4,483,0,1,11.53,0
3.213922972064462,13,3,0,538,1,1,8.21,0
0.5147845922390663,20,2,8,269,1,0,5.6,1
3.3825898289861662,17,1,1,125,1,2,13.62,0
3.207251660471856,5,4,5,543,0,1,10.33,0
0.950973564001125,3,3,2,231,1,0,12.34,0
2.844495656511619,9,0,5,66,1,1,10.18,0
2.5416830729160345,17,2,1,120,0,0,15.62,0
4.783612164565673,11,6,4,262,0,2,11.51,0
5.04057268020456,15,6,3,688,1,0,6.93,0
0.23181162010267364,6,4,3,282,1,0,15.5,1
2.346920023275308,5,4,2,400,1,0,8.59,1
4.915624973913642,4,3,2,473,1,2,14.32,1
3.4971972630389487,2,6,2,470,1,0,9.27,0
9.706747265877194,11,0,5,93,1,0,12.85,0
5.374873820274989,14,5,4,34,0,0,10.24,0
0.8892643438365366,9,6,2,687,0,0,13.17,0
0.3659121812812042,19,6,4,101,1,0,6.83,1
5.141970735544455,18,1,6,426,1,1,10.66,1
0.13434536333697214,15,5,6,646,1,0,10.03,1
4.406736889036454,10,4,2,359,1,1,13.63,0
14.086277276935759,7,5,1,577,1,0,15.1,0
4.283912227887722,2,6,2,176,0,1,12.76,0
2.4565034611195364,22,4,2,444,1,0,11.98,0
5.15413578922491,6,5,4,378,1,1,9.18,1
3.0647798702554563,22,4,2,394,1,0,11.51,0
3.944071802881601,6,4,3,445,1,0,14.01,1
14.190635731164996,13,3,3,654,1,0,9.92,0
2.439637636750936,1,0,4,536,0,0,7.11,1
16.24545930753377,9,4,2,552,0,0,10.42,0
11.787880918849595,18,1,2,279,0,1,13.61,0
1.08948130470225,8,6,2,278,1,1,11.79,0
0.3594207765157851,15,6,1,380,1,0,14.41,1
0.5311266774081511,18,1,4,298,0,0,6.8,0
0.09194943923616852,17,2,1,477,1,1,7.23,1
0.4960250582787707,8,4,4,112,1,2,11.33,1
5.744374362885836,15,4,7,570,0,0,10.41,0
0.36924813473213514,12,4,4,436,1,0,7.38,1
1.9207859414743425,9,5,2,368,1,0,13.45,0
9.317630200486386,19,4,2,109,1,0,14.78,0
0.11773501590355755,13,4,6,124,1,0,9.19,1
8.422652530929792,11,1,1,288,0,2,15.0,0
1.6554173341981473,18,0,2,151,0,0,12.78,1
0.6287505991455382,6,0,3,153,0,0,11.07,0
5.9657770421995675,22,2,2,564,0,2,14.04,0
4.956995882166101,14,1,6,318,1,0,13.03,1
10.497079070434733,15,4,3,491,1,0,10.48,0
6.641467893822002,7,0,3,121,1,0,11.42,0
8.134979029969891,9,3,4,53,1,0,8.82,0
1.6566693115336928,3,3,0,136,0,1,14.31,0
0.9766664802022349,18,3,3,81,0,0,11.29,1
6.943781980027124,18,4,4,323,0,1,13.12,0
8.221045916217097,20,4,8,329,0,1,10.44,1
23.28502445070115,14,2,3,374,1,0,13.18,0
2.660396770763025,13,6,1,411,1,1,15.29,0
2.3262195598086635,0,2,4,597,1,1,9.39,1
7.489772516717935,15,2,1,223,1,2,11.29,0
2.0836683546537658,9,5,3,586,0,0,12.47,0
13.350689621996633,18,3,1,465,1,0,13.24,0
9.774195785831246,21,4,6,414,1,2,13.2,0
2.8017780472107985,2,3,3,401,0,0,7.76,1
6.948923582477305,4,2,3,349,1,0,12.84,0
7.023164934275085,8,4,5,268,0,1,11.21,0
0.5441875940335901,17,1,6,421,1,0,7.68,1
11.642228404338159,10,0,1,677,1,0,11.26,0
3.5185374487837717,15,0,3,314,1,2,10.92,1
8.75666278761665,1,2,2,42,1,1,9.12,0
1.9286771308225414,11,6,3,414,1,1,14.51,1
11.29395257272963,21,3,3,570,1,0,17.0,0
2.464942270300856,5,1,3,719,1,1,10.92,0
0.05448403307587739,10,4,1,322,0,1,11.92,1
11.789536484812269,7,6,1,286,1,0,10.58,0
0.4786280527423763,11,3,1,137,1,0,11.01,0
1.9232681669251943,1,2,4,610,1,1,9.62,1
14.984861915941428,8,3,1,717,0,0,15.62,0
15.039747700519948,14,2,2,212,0,0,18.79,0
4.259986455276319,1,5,1,396,1,0,11.75,0
4.996150401952623,0,0,3,563,0,0,9.8,1
2.975073318114288,9,6,1,552,0,0,10.86,0
1.7351138937309851,1,0,2,314,0,2,13.3,1
1.9924316727519487,11,3,2,288,0,0,13.09,0
5.581617899642532,22,1,4,202,0,0,11.0,1
6.979189368315386,7,4,3,359,1,0,10.71,0
7.840977081105743,4,2,1,481,1,0,15.92,0
7.794155159243709,21,4,4,500,1,0,12.33,0
0.4781847327015972,0,0,2,110,1,0,13.84,0
3.41024798286678,14,1,3,350,0,0,12.34,0
0.29640853224368896,5,1,4,470,1,0,10.42,0
3.9873065784769643,11,4,2,428,1,0,10.97,0
2.912776374936418,7,0,3,217,0,2,12.64,1
10.933093321104007,12,4,4,467,0,0,11.65,0
2.1609580973394253,18,3,2,477,1,1,13.53,0
0.6225298877622544,0,1,2,499,0,0,9.27,1
0.7715382727105968,10,1,3,569,1,0,12.28,0
7.167152735395469,19,3,8,490,1,1,6.98,0
4.814528398740175,0,0,5,544,0,0,8.24,0
0.5330435612269272,7,1,2,266,1,0,13.86,0
0.4392776083430254,4,6,3,210,1,0,11.95,0
6.036042358265499,16,5,2,439,0,0,17.11,0
0.37773044762898567,7,5,0,545,1,1,14.97,0
8.625929269042906,9,5,3,101,0,1,11.01,0
6.124998765650025,1,2,2,211,1,0,12.18,0
0.4242437529015603,8,6,4,133,0,0,8.46,0
0.44326933888903347,23,2,1,301,1,2,15.66,0
21.57729281029046,22,0,3,316,0,0,12.23,0
2.344187912761448,2,3,3,116,1,1,12.26,0
2.3152763023765623,17,4,2,415,1,2,10.27,1
8.377877016413386,6,6,2,102,0,0,13.96,0
14.710822689816219,14,0,4,632,1,0,8.93,0
21.34386969800992,20,4,3,714,0,2,10.49,0
6.999496150581709,21,0,4,339,1,0,11.05,0
2.360104998095628,19,2,2,728,1,0,11.24,0
0.4359699684897863,17,5,2,472,1,0,10.82,0
7.506212702273128,2,3,2,265,0,0,12.3,0
4.086802037807465,22,2,6,703,0,2,11.22,0
2.7601656265248686,13,3,0,614,1,0,15.79,0
11.841188377390452,23,6,2,259,1,0,13.81,0
0.5894010398594012,1,4,4,283,1,1,11.77,1
3.3925255468647713,13,0,1,703,1,0,12.25,0
0.057092947162708345,21,1,3,384,1,1,13.84,0
3.1617718479146313,10,1,4,524,1,2,7.33,0
0.2897521553296289,15,3,2,439,0,2,13.27,0
0.6324549796558561,7,5,2,228,0,0,14.08,0
0.6251311600372813,6,5,3,458,0,1,11.42,0
5.237841932034858,10,3,5,504,0,0,8.56,0
6.852988587982364,2,2,4,617,1,0,10.73,0
4.377768886014342,16,1,2,371,1,0,10.88,0
16.373601045511887,13,2,1,503,1,1,14.23,0
2.348982889601336,5,4,4,426,0,0,12.69,1
1.6823457871027936,7,1,7,455,1,1,9.29,1
10.147512690851148,21,4,8,74,1,0,8.37,1
1.265410338659267,4,0,4,372,1,2,12.32,1
16.514350531259552,7,2,4,720,1,0,12.55,0
0.061144721794846535,1,3,2,46,0,2,10.84,1
17.51263461439741,14,1,3,248,0,1,8.52,0
0.22059499309250946,11,2,3,625,1,2,12.16,0
11.088606145800044,16,3,2,220,1,1,14.25,0
3.750716251746952,0,0,5,420,0,1,6.84,1
24.784143039630166,14,1,4,468,1,0,10.94,0
0.3833068797722747,13,4,2,673,1,1,14.66,1
4.035548318666744,19,0,5,526,1,0,9.77,1
17.417876106280026,21,5,2,123,0,0,15.44,0
3.70221966590522,15,3,3,124,1,1,14.27,1
4.963141451905937,8,1,4,725,0,0,10.43,0
5.949506190583871,0,1,1,673,0,0,12.46,0
3.0306387783847546,16,6,6,111,1,0,8.5,1
4.938370865040111,12,6,3,369,1,0,11.87,0
4.389129309028778,20,0,1,389,0,0,10.85,0
11.571163847413237,20,1,1,141,0,0,10.48,0
0.23255730871740488,4,3,2,332,1,0,7.86,0
1.6492136294937922,9,0,2,80,1,1,12.36,1
15.019980029304655,5,4,2,690,1,0,16.48,0
11.04837914226743,23,0,6,310,1,2,5.22,1
3.0408763097981,18,0,0,142,1,2,13.63,0
4.839665143694886,12,4,4,65,1,0,10.37,1
1.6243670994756507,0,5,4,652,1,0,10.5,1
1.0420208071803225,19,6,5,712,0,0,12.51,1
3.1152929940204936,14,3,4,107,0,2,9.02,0
2.179767673083667,13,5,3,569,0,1,7.71,0
4.381218530033215,7,5,3,74,0,1,10.53,0
0.40461142216592394,9,5,4,333,0,2,9.46,0
18.324800612612837,8,6,3,421,1,2,7.14,0
21.419327877762694,16,2,5,683,0,2,10.49,0
5.989319409563947,8,6,2,44,0,1,10.03,0
3.8403921720604495,2,5,5,669,0,2,9.83,0
1.8518965077718,10,2,1,196,0,2,12.47,0
8.404535837439983,11,4,1,694,1,0,11.05,0
5.771647918244078,9,6,3,92,0,2,13.38,0
0.8873682705024419,16,3,3,600,1,1,11.04,0
12.091505459995638,16,5,3,232,0,0,11.71,0
8.644972556836358,10,1,3,186,1,0,12.77,0
14.958692625167181,21,4,1,544,0,1,13.78,0
6.4680200209806715,3,2,4,580,1,0,11.09,0
4.752020097956864,6,6,7,307,0,2,6.75,1
2.7085125329655666,20,3,2,130,1,0,10.18,0
13.49509180773559,13,0,1,198,0,2,13.52,0
10.0519619002346,6,3,4,561,1,0,8.88,1
0.23136469326561393,23,3,5,432,0,0,11.59,0
0.13360408433255683,7,5,1,170,0,2,12.94,1
2.361738807916314,0,5,3,376,1,0,12.9,1
8.31823861498043,23,6,4,222,1,2,8.83,1
21.82137734110084,21,6,1,181,1,0,10.92,0
0.8150475496723985,3,2,7,415,1,2,11.76,1
4.508620651078679,11,6,2,237,1,0,12.1,1
2.3973684987904806,23,2,4,578,1,0,12.63,0
17.51854277187981,2,5,1,417,1,2,10.38,0
9.229566037168173,12,5,2,107,1,0,11.83,0
9.110950232349285,19,1,4,201,0,2,13.4,0
3.162077855698868,5,1,4,586,1,2,7.67,1
2.679174681636745,10,4,3,366,1,0,16.15,0
1.596944460750306,22,5,5,625,1,0,10.41,0
0.29013481922418105,3,0,1,460,1,0,11.56,0
10.00213070001655,19,1,5,634,1,0,10.7,0
8.380587196249614,15,2,3,518,1,0,13.82,0
40.862227989090414,6,3,1,695,0,1,11.55,0
28.474367003721667,21,6,8,135,0,2,6.24,1
4.05325796320697,10,6,2,238,0,0,12.9,0
7.326415451031304,23,4,1,377,1,0,14.13,0
14.480858414372179,0,1,4,381,0,1,10.4,0
9.473860073546229,6,3,2,77,0,0,13.2,0
1.4207622229057326,11,3,5,275,0,1,11.71,0
2.9941341369993224,6,1,2,60,0,0,12.75,0
0.6914817215654433,22,0,2,724,0,2,11.02,0
15.401118932208544,6,0,0,504,0,1,13.96,0
4.659238512943091,9,4,4,506,0,0,14.31,0
1.2980186270924186,15,0,1,286,1,1,13.87,0
5.569147695866251,7,4,3,155,1,2,14.08,0
4.813352173715359,8,2,4,248,1,2,9.77,1
2.2171023114855304,8,1,6,274,1,0,9.73,1
0.6026956069923464,1,3,4,509,1,0,12.39,1
5.567206417595511,12,4,6,472,1,0,12.2,1
3.6730521209301887,12,6,4,680,1,0,13.26,0
7.399035404802575,22,0,5,530,0,0,7.76,0
3.6715493021175756,22,6,2,256,1,1,14.7,0
9.55885055654242,3,4,4,284,0,0,14.17,0
4.013770595107438,23,5,4,99,0,0,9.65,0
4.115572904900736,11,4,1,484,0,0,11.41,0
10.463793216148858,16,0,2,607,1,0,12.35,0
2.5832365699405853,1,5,4,31,1,0,11.16,0
0.7194397769514947,12,5,2,524,0,1,11.7,1
0.14602510716047343,17,0,5,354,1,2,7.63,1
7.035287263312928,14,5,1,432,1,1,16.14,0
4.841994835303398,7,1,6,158,0,0,7.48,0
6.088326738989382,14,3,4,512,1,2,9.79,0
1.1974074674672173,0,6,0,175,1,0,14.22,0
0.7330627561413933,19,1,5,654,0,0,7.06,0
0.07325738132834392,9,1,4,125,0,0,7.7,0
2.158436307575346,11,0,5,530,1,0,9.14,1
4.456986878324723,4,0,1,485,1,1,14.85,0
2.4899093378057535,8,6,1,433,0,2,13.58,0
2.876597814142156,22,3,2,37,1,1,8.28,1
11.725307614907209,7,4,0,249,0,0,16.78,0
2.1405130721255587,15,1,2,131,1,0,13.99,1
3.6076251403616055,13,5,3,707,1,0,11.98,0
7.654358688598508,12,3,1,31,0,2,13.53,0
2.525400656495899,22,1,4,519,0,0,12.15,1
4.865452376765427,20,4,3,724,0,0,16.25,0
9.915703218421534,12,5,3,229,1,0,13.36,0
14.93095207687334,4,1,5,55,1,1,10.59,0
0.7954093965741799,15,2,3,379,1,1,9.15,0
13.058313815210393,10,6,6,131,1,0,9.53,0
3.387513904977653,21,3,1,677,1,1,14.75,1
1.4936772717569788,4,6,0,360,0,1,13.77,1
3.0729348368534875,12,0,3,401,1,1,10.55,1
19.56826548790296,10,1,4,226,0,2,11.91,0
3.392456463336799,18,5,0,539,1,2,12.02,0
1.9930801605024988,2,5,1,59,1,0,14.94,1
5.017431369788298,14,3,1,328,1,1,12.33,0
1.3731423385780148,6,3,1,162,1,1,8.96,1
0.3944765248811752,6,6,4,561,0,0,9.89,1
0.6898760985620793,5,5,1,337,0,2,13.09,0
0.6850921203350356,2,5,5,50,1,0,11.1,1
0.8237995077833649,12,5,3,70,1,1,12.47,0
0.7473003303375827,6,1,3,527,0,0,9.02,1
5.120420255379033,4,5,4,501,0,1,11.04,1
1.0037317851724081,22,0,2,693,0,0,11.33,0
2.120696578974026,17,5,3,337,1,0,10.88,1
11.354870625641789,21,0,2,488,1,0,10.4,0
3.211905708232968,7,1,3,543,1,0,11.5,0
5.506445418261903,16,3,3,532,1,2,17.86,0
0.9456425855660824,19,0,1,73,1,0,16.91,1
1.0677549049754753,0,1,6,70,0,0,7.2,0
0.20863606358782652,13,5,1,292,1,1,13.33,0
0.9252367203279044,16,1,3,323,1,0,10.97,0
1.6327405931557277,9,5,2,714,0,0,12.68,0
0.9740590874155397,11,6,1,38,0,0,15.03,1
0.46442953930183783,15,1,3,82,1,1,11.34,1
0.6427810674667627,13,3,8,157,0,2,6.18,1
3.0881467168268957,15,0,1,560,1,2,15.51,0
1.155461031725483,7,6,3,673,1,2,9.13,0
2.2649055775545928,22,3,3,554,1,1,11.98,1
3.500025923571652,9,2,4,169,1,2,7.83,0
5.862287170062711,16,5,0,261,1,0,11.95,0
0.20052865050007712,17,0,1,597,0,0,14.69,0
8.032471219130597,19,3,4,117,1,0,9.44,0
4.942968451836482,15,0,5,593,0,0,6.25,1
0.4264771518816713,16,2,4,666,1,2,9.35,0
10.340673492440454,15,4,0,230,1,0,12.34,0
12.68346773189464,18,5,1,417,0,1,10.68,0
0.31511413780081704,23,5,0,390,1,0,15.1,1
1.6208842156432541,23,1,2,161,1,0,9.31,1
8.204675916133212,7,5,3,206,1,0,10.42,0
6.896786201071542,5,5,2,81,1,0,12.67,0
1.0198981603090025,5,3,4,575,1,2,10.11,1
1.1744951559076662,20,6,2,51,1,1,11.59,1
2.3139255501218488,8,5,1,682,0,1,11.75,1
3.3133128233430718,3,5,2,348,0,0,9.96,0
4.81500917029276,11,2,1,197,0,0,11.93,0
2.301562815001756,11,6,2,67,0,0,13.72,1
3.104455546104588,22,2,4,596,0,1,9.93,1
6.8811447019492125,16,0,4,402,1,0,11.13,0
0.18686476160739232,14,0,5,661,1,1,12.23,1
1.454683109411986,8,5,3,607,1,1,12.8,0
6.247459374780129,6,5,1,456,0,0,10.65,0
11.278833771653067,9,1,2,195,1,1,13.3,0
3.583895561042004,15,0,1,531,1,1,15.3,0
3.7976475117653448,11,3,2,104,1,0,11.24,0
0.5668066927033169,6,5,4,469,1,1,7.63,1
2.9657162304177542,17,3,2,675,1,1,11.52,0
3.80303399527645,14,5,4,294,0,0,11.18,1
1.3884640163032667,5,3,2,435,1,0,13.58,0
1.5683730593927192,11,4,4,715,1,0,9.76,0
2.36832492401236,10,3,4,272,1,2,6.73,0
0.10137680375157257,19,6,3,630,1,0,9.05,0
1.9436238062806788,2,0,2,572,1,0,13.12,0
1.1877846781181494,1,5,6,306,1,0,13.18,0
1.9837461511599133,5,0,5,579,1,0,9.96,1
0.6378155164239063,23,6,4,337,1,0,13.43,0
11.060399499715123,21,6,5,432,1,0,7.89,0
4.501994069397799,4,3,4,679,1,0,9.5,0
5.683164789465158,17,2,0,459,0,2,9.32,0
7.783545161888956,15,2,1,105,1,2,13.94,0
3.450182109244426,7,6,3,368,0,0,9.81,0
0.45466047258727926,19,2,2,479,1,2,13.6,0
3.851291816474113,21,5,3,108,1,0,10.6,0
4.419615289356868,10,1,7,67,0,1,12.44,1
6.841083244042046,9,4,5,347,0,0,13.59,0
2.8251732469149102,23,3,4,357,1,0,6.19,1
0.6824233336465612,11,1,5,459,1,0,11.18,1
1.6688109013085195,20,2,2,192,1,0,10.91,1
2.255574127373117,5,3,4,387,1,1,12.09,0
5.191123058109309,19,1,8,669,1,0,4.91,0
4.2289086060070975,4,0,2,699,0,0,15.28,0
2.2010337982590307,22,2,1,358,1,2,15.26,1
21.53097886084906,8,1,1,443,1,1,10.37,0
4.6541650423360466,15,5,1,624,1,0,12.84,0
1.3539726437839996,21,0,1,505,0,0,13.52,1
0.5367150231244343,13,2,1,485,1,2,14.64,0
0.8294414629491293,21,4,5,181,0,0,9.98,1
1.4115342469757048,7,6,1,567,0,1,14.77,0
0.8758243747714701,19,2,2,444,0,1,12.26,0
1.032458727272902,18,5,3,372,1,0,12.82,0
1.6780292410772326,13,4,6,415,1,2,6.46,1
0.952012168314435,6,4,5,196,1,0,9.95,1
11.353757246779576,4,4,3,501,0,2,13.9,0
0.4181785629600008,17,3,1,169,1,1,16.02,0
3.7170617505635133,1,3,4,258,1,1,11.15,0
2.6415277824465115,10,6,2,102,1,2,12.2,0
20.1932108300796,21,4,6,457,1,1,11.94,0
0.5941367284870245,7,6,3,328,1,1,11.4,1
2.5362899687121523,0,0,4,265,1,0,13.09,0
17.445298320633576,21,4,5,629,0,2,9.79,0
10.031220309840773,11,1,2,126,0,1,12.48,0
8.493315170180898,1,4,3,507,0,2,9.39,0
1.4913754176675231,17,3,4,707,1,2,8.3,0
0.9369976639324376,6,3,7,520,1,0,10.36,1
5.5227979934089175,16,1,3,325,1,0,15.05,0
13.251925474799776,21,1,2,435,0,2,12.61,0
4.068252109523711,22,2,5,476,1,1,9.67,1
4.238637807292933,13,0,3,728,1,0,13.65,1
1.642375154053254,23,0,6,304,1,0,9.87,0
7.337368792060443,6,0,4,49,0,0,6.0,0
1.0353899107303541,21,5,1,614,1,1,15.19,0
1.955439065596163,2,3,5,456,1,1,7.33,1
2.7707227503491527,5,0,0,390,1,0,13.98,0
3.5424248132234926,19,2,5,339,0,0,9.12,0
1.3880629178480293,1,2,7,623,0,1,7.12,0
0.6099163607206772,16,0,5,385,1,2,10.09,1
4.715998287146783,11,1,3,56,1,0,13.39,0
1.7028168421827088,11,2,5,682,0,2,10.06,0
4.352265341462218,16,6,2,76,1,0,15.22,0
0.838323763853399,9,1,3,485,0,2,14.67,0
3.2806068901426375,2,6,2,141,1,1,15.45,0
3.8027362406453893,19,3,4,692,1,2,10.69,0
0.26607325728560666,17,5,5,404,0,1,9.04,1
2.0519180069021163,12,2,2,344,0,0,12.33,0
0.721746634159658,11,1,3,155,1,2,13.85,0
0.3273612938626244,16,6,2,36,1,1,14.53,1
23.006006556976622,3,0,1,591,0,0,8.01,0
1.9456501125971013,22,6,3,389,1,0,12.21,0
8.300353068849493,9,6,5,607,1,0,5.26,1
1.469444171467007,10,3,5,391,1,1,9.96,1
5.720706755101758,5,4,5,708,1,1,8.94,0
7.140331114141043,5,4,3,724,1,1,9.93,1
4.527232970845699,8,0,4,293,1,0,12.5,0
3.1892832202263586,14,3,2,304,1,0,11.11,0
2.6537890675268887,1,3,0,659,1,0,13.98,0
2.145216508519874,3,3,3,425,0,0,9.74,1
13.262780241103904,4,3,2,342,1,2,12.55,0
8.87803535570899,16,4,5,521,0,2,11.92,1
16.76588194707846,7,1,3,433,1,0,9.84,0
0.6636427091805277,7,3,2,406,1,1,13.68,0
6.562756817302537,21,1,2,673,0,1,12.51,0
13.930636326306203,11,6,1,688,0,0,13.29,1
0.9997790485039884,20,6,3,570,0,2,10.9,1
0.34405158736248437,7,3,7,349,0,0,9.95,0
6.756965765943111,18,2,0,254,1,1,15.34,0
4.272135720993349,2,5,6,485,1,1,8.93,1
9.22038570660739,17,2,4,680,0,0,11.21,0
0.752791232070963,20,6,0,318,0,0,15.49,0
7.930250555159341,18,5,5,310,1,0,11.08,0
1.1258988653351147,18,2,0,446,0,0,13.39,0
0.89357599482759,14,3,2,513,1,0,14.73,0
0.8972232827997535,5,1,1,567,0,2,14.93,0
8.425516412820043,15,5,3,342,1,1,15.82,1
5.4710681950798445,7,4,4,638,1,2,7.66,0
3.701879781730222,15,0,2,679,0,2,13.8,0
2.2223070083903407,17,5,3,637,0,1,13.9,0
10.486013336471663,19,5,1,86,1,0,15.21,0
2.491563748487225,15,4,3,152,0,1,11.09,1
8.480413314240348,10,3,1,319,1,0,10.47,0
2.891374405569402,6,2,3,627,0,0,14.68,0
2.3655978290886854,16,2,4,339,1,1,9.84,0
3.1058052994980128,16,6,0,592,1,1,13.41,0
1.7932263771532102,11,1,2,257,1,0,16.53,0
6.883886564684697,12,3,2,35,0,0,9.85,0
3.49301407847798,9,4,2,472,1,0,14.04,0
1.3212126549853263,6,3,2,339,1,1,10.89,0
11.491699247752917,13,3,7,31,1,2,6.85,0
2.4216587117935564,22,2,3,632,1,1,11.94,0
3.9214119108888172,0,4,6,404,0,2,10.55,0
11.847478043548133,16,0,3,275,0,0,13.5,0
4.893996519286653,3,5,4,501,0,0,12.96,0
0.6215730792888987,20,2,3,620,0,1,10.19,0
14.053083419661046,4,4,3,333,0,0,9.31,0
4.940384644674131,19,1,5,87,0,0,9.31,0
2.039131577756547,23,5,1,254,0,1,13.89,0
0.749884103082129,22,5,4,455,0,2,10.39,1
7.9000069784013345,6,2,3,231,0,0,4.34,0
4.838877537814262,9,6,0,547,0,2,10.35,0
3.812069290245141,16,1,3,59,0,1,11.12,0
11.216516652682227,6,2,3,180,1,0,13.31,0
7.769950068480361,0,3,3,577,0,1,9.79,0
0.8224566006317044,6,6,1,139,0,2,14.67,0
1.8678127569790024,23,4,2,150,0,1,9.41,1
1.4283480927441896,10,1,3,270,1,1,12.11,0
6.811840309342058,8,5,2,631,1,1,12.93,1
0.17053769928918966,11,2,3,59,0,1,12.54,0
4.218567781930715,2,5,1,495,1,0,11.18,1
7.187068579298894,3,1,6,494,1,0,6.1,0
10.46833672192969,3,5,0,266,1,0,15.45,0
2.0933729677254638,12,2,2,400,1,0,9.35,1
8.609039817705016,22,6,1,711,1,2,11.66,0
0.5862194254938867,18,2,1,178,0,2,15.98,1
9.368719786058438,9,0,4,403,0,0,11.14,0
0.6818981526403542,4,5,2,629,1,1,13.14,0
2.5315731560493218,6,0,2,545,1,0,13.65,0
7.980026816632449,23,6,2,462,1,1,13.58,0
0.8121089496020808,15,0,6,281,0,1,9.16,1
1.3019651122237548,0,5,1,502,0,0,11.4,1
6.405215488224528,11,1,6,592,1,2,14.57,0
6.365480859958473,1,3,3,565,1,2,11.01,1
5.124221043686954,6,6,2,75,1,0,13.06,0
5.920008545438085,10,2,5,657,1,1,10.88,0
3.912345505978191,12,4,6,568,0,0,8.13,0
1.4504184962970497,1,6,1,636,1,0,12.35,1
2.120915968966317,6,0,2,464,1,2,15.38,0
1.0020063725826591,14,1,7,640,1,1,6.92,1
11.954380696618259,10,5,8,657,1,0,8.42,0
4.378045273182993,1,1,3,305,1,1,13.39,1
2.561228297395112,6,1,4,537,0,2,10.37,0
3.0995375316058165,3,5,5,124,0,2,9.81,0
14.714118684986055,10,4,2,175,0,0,14.31,0
0.8323477506425034,1,5,0,696,1,2,13.73,1
4.4122230455427704,15,4,4,431,0,2,6.65,0
3.5249722039658864,6,5,1,533,0,1,16.21,0
4.726721590015364,12,0,4,444,1,0,8.85,0
0.09138090203248617,4,4,5,305,0,0,10.43,0
10.283467612703483,16,0,3,355,0,0,8.96,0
13.44994268345626,20,6,2,285,1,0,11.38,0
4.163577319716988,11,4,2,586,1,2,11.53,1
5.964353702629791,18,4,1,542,1,2,13.55,1
12.787346789228131,6,5,6,176,1,0,7.45,0
6.141987266962591,5,4,4,324,1,1,14.77,0
0.8275525456206085,7,0,2,404,1,1,12.45,0
4.293510749262801,12,6,3,696,1,1,13.36,0
4.666104285170075,4,5,4,85,0,0,10.78,0
2.7593725196141055,1,2,5,255,1,0,11.99,0
6.667451519416961,8,6,1,548,0,0,9.0,0
13.618384428812373,10,6,0,49,0,0,12.59,0
12.989381065270587,23,0,5,188,0,0,8.96,0
2.9968214815180882,5,6,1,499,0,1,12.14,0
0.6008935227589209,6,2,4,620,1,0,11.84,0
20.945869945603533,6,1,4,395,1,0,11.97,0
9.128590554092215,18,5,5,30,0,2,9.85,1
0.665729798585317,5,1,2,258,1,1,12.3,0
12.68153970481638,10,5,3,312,1,1,16.48,0
10.197119656134317,10,6,3,148,1,0,12.25,0
3.657756929843246,6,5,4,256,1,1,6.35,1
4.473568934145375,1,0,4,53,0,0,12.34,0
2.545824217045068,18,2,2,337,1,1,13.52,0
0.28159074621646896,3,5,1,336,1,0,15.52,0
2.0413244315037056,5,2,3,598,1,1,12.8,0
8.119039555330893,16,5,6,523,0,2,7.39,0
0.023213920331714426,4,2,4,537,0,0,12.58,1
2.0285694829508434,6,1,2,340,1,0,12.6,0
2.5388904742733907,8,0,5,118,0,0,12.09,1
3.854415120619409,0,5,0,304,1,1,17.1,1
12.619627380765209,0,3,3,650,1,0,11.36,0
2.1258855544539506,18,2,5,682,0,2,11.75,0
2.1305324297924764,5,2,6,509,1,0,11.27,1
6.687544758327828,17,3,2,486,1,0,12.72,0
3.009388867461697,9,0,4,615,0,1,14.72,1
1.2719123685136269,10,2,5,384,1,1,12.09,1
3.0114117528807753,0,0,1,291,1,2,12.03,0
0.7590996096569352,0,2,4,205,1,0,11.32,0
0.9702725160404837,12,6,4,433,1,0,12.52,0
3.4494402140140883,4,4,7,259,1,0,12.24,0
2.714381081280035,19,6,3,617,0,2,12.84,1
12.316463676264064,0,2,4,352,1,1,11.38,0
2.2501729151986414,19,4,3,724,1,2,14.13,0
4.34451191892636,2,5,3,306,0,2,11.16,0
5.00195386258924,17,0,1,706,1,1,11.22,0
0.06590472412829614,8,2,0,304,1,0,15.41,0
5.446340985179945,13,1,10,246,0,0,5.24,1
0.9802932009962411,16,1,5,219,1,0,15.43,1
16.22999136136213,22,3,1,47,0,2,13.71,0
0.8047345215509004,13,1,3,443,1,0,13.02,1
2.6775055726830344,3,4,1,213,1,1,11.94,0
0.4460671882525157,4,1,1,647,0,0,15.73,0
28.840408075753796,20,1,1,272,1,0,13.15,0
3.4877343282911304,16,1,2,455,1,0,12.15,1
4.524096620444729,21,2,0,82,1,1,13.8,0
0.34716025414127083,1,3,3,255,1,0,9.02,0
6.930681276079995,22,0,2,627,1,1,11.9,0
1.178014191251316,21,3,9,591,0,1,7.89,1
11.416574284058152,4,4,2,348,1,2,9.31,0
1.1479441408041666,3,2,5,398,1,2,12.04,1
1.0578521490440793,3,5,3,277,0,1,11.06,0
0.18617170928836083,5,2,2,597,0,1,12.89,0
3.1939289664773196,19,6,3,206,1,0,7.13,1
4.1602205183809025,20,1,3,505,1,1,12.05,0
0.3398347008957824,12,1,3,691,1,0,9.51,0
7.470012967991861,21,4,2,42,1,0,11.7,1
3.0191732514681084,4,5,5,390,1,1,6.87,0
3.7157882729629845,22,6,3,318,0,0,9.84,0
2.9059073589379016,22,2,2,460,1,0,12.07,1
2.5604910063746065,6,5,3,605,1,0,11.06,0
4.100817285689374,19,0,4,368,0,2,12.57,1
0.8435150338047774,0,3,4,646,1,0,7.06,1
1.0040254310431276,13,2,2,63,1,0,12.3,1
9.894746641480701,23,5,4,353,1,2,10.6,0
14.604558546323428,3,0,5,580,1,0,9.08,0
2.3365109373756927,16,0,3,485,1,2,9.77,1
1.57865682846333,20,6,2,254,0,2,14.6,0
5.1641163254722855,13,6,2,670,1,0,16.5,0
2.6274478380362316,15,3,2,162,1,1,8.97,0
0.12857074366323515,13,0,2,509,0,2,10.55,0
0.848918016497553,15,4,4,581,0,1,8.79,0
6.293416299265227,23,0,2,250,1,0,11.84,0
5.378248911587678,19,5,3,430,1,2,14.11,0
0.13734928942220048,7,6,2,635,1,0,13.46,0
1.254964869333525,23,4,4,640,1,0,10.49,1
1.313807894754655,2,6,6,89,0,2,9.23,0
5.572073614139259,18,6,5,670,1,0,9.36,0
0.09953690646069702,0,6,4,161,1,1,12.28,1
0.549680293006864,1,0,3,422,1,0,13.32,1
8.045092136481207,14,1,5,610,1,1,11.18,0
0.9833885472589267,21,0,0,43,1,0,9.61,1
5.2884954446028845,9,6,4,464,0,0,10.83,0
1.3602431110449762,17,4,2,503,0,0,12.03,0
0.5237001674243567,21,0,3,180,1,0,13.58,0
1.3930975820572364,13,6,4,715,0,0,11.28,0
6.405474065485159,16,6,6,499,1,0,10.31,0
9.679181687269647,12,0,4,440,1,2,9.81,0
8.866254999877821,0,0,2,374,1,1,14.28,0
2.5307124473754423,4,4,3,225,1,0,14.07,0
5.514383892022975,12,0,1,573,1,1,9.95,0
1.146967051644904,13,3,5,102,0,2,7.41,1
1.7346679430625842,23,5,4,223,1,1,12.32,0
11.332993143154521,2,3,2,591,1,1,12.06,0
0.06543594198142501,14,4,4,598,1,0,12.86,0
0.44693569815224565,18,1,2,658,0,0,12.88,0
1.165251401199076,16,3,3,221,1,0,12.99,1
0.13445267612158443,2,6,2,459,1,1,10.91,0
1.0010150164513638,15,5,0,530,0,0,14.68,1
4.373843643721833,13,2,1,246,1,1,13.89,0
2.735931591839002,11,5,3,652,1,0,10.22,1
11.159315104109137,11,3,3,514,1,0,13.6,0
8.503479515097393,10,2,7,630,1,0,4.61,1
2.0913640258451602,16,4,3,389,1,0,12.02,0
1.5016312607363926,7,5,2,338,1,0,9.81,1
2.3876990405426888,16,1,3,698,1,0,9.56,0
4.461588750716526,20,2,5,450,1,1,11.97,1
1.5603085490763644,22,2,4,610,0,1,8.6,0
4.892811227735438,19,5,4,440,0,0,8.52,1
2.633180196399056,10,3,0,546,0,1,15.16,0
4.0153368325742225,1,2,4,272,0,1,8.58,1
2.86462697545556,9,4,9,659,1,1,8.84,1
1.7439998763116658,9,5,1,201,0,0,14.49,0
14.826336105761017,10,4,2,684,1,0,10.84,0
7.211272518663181,5,5,2,489,1,0,14.36,0
0.7547724906151043,3,4,3,394,0,1,7.72,0
10.142524638596619,23,3,4,107,0,1,11.74,1
3.3416016483095823,11,5,6,598,1,1,6.71,1
11.247697451448717,10,6,8,519,0,0,6.55,1
8.043572269649502,22,1,2,561,1,0,11.48,0
2.7687830962930366,22,3,6,555,1,0,11.76,1
0.11362794738770057,12,4,4,235,1,0,9.8,1
1.5645027388824335,4,5,8,722,1,0,7.44,1
3.900438778398981,5,3,0,320,1,0,13.12,0
5.018486659672682,0,4,1,533,1,1,11.23,0
1.4912733996446945,5,0,6,688,0,0,7.14,1
0.7503720941535776,17,0,2,583,1,1,13.02,0
9.006935435811958,21,2,3,457,1,1,11.55,0
20.80312081593617,8,1,1,500,1,1,14.73,0
3.7294727348604346,23,0,3,542,1,2,11.12,0
0.9417743183003696,14,6,1,353,1,0,12.78,1
1.5893823586446643,7,4,2,645,1,0,13.93,1
0.09280943705383003,18,3,4,284,0,1,10.06,1
12.284442638467786,23,5,6,619,1,0,6.32,0
0.626405219231015,15,3,2,80,0,2,14.1,0
4.296203344340779,5,2,2,129,0,0,11.05,0
1.6014066430139646,5,3,2,493,1,0,12.53,0
4.039177577034926,21,0,4,528,0,1,9.55,0
5.269443169930135,2,3,3,266,1,0,9.65,0
8.8521959621118,9,0,6,501,1,0,5.4,1
1.1560126375226791,0,0,3,427,1,2,12.28,1
0.05528364815848598,13,1,2,186,0,0,5.61,1
0.7360403534369526,3,2,2,327,0,1,15.0,1
11.513857644265908,11,6,5,43,1,0,12.06,1
10.353006760265613,5,6,3,145,1,0,9.78,0
4.5492215509824625,10,4,7,168,0,0,11.58,1
4.5879185925267345,11,6,2,104,0,0,16.52,0
5.468671147037563,9,0,4,389,0,0,10.25,0
0.9641101431927608,17,5,2,53,0,2,13.22,0
12.291047803856507,6,2,2,435,1,1,12.67,0
2.7130481717315904,6,4,2,718,1,1,15.43,0
2.4155539966393422,10,6,4,596,1,0,8.01,1
3.658584663113405,3,6,3,355,1,0,11.15,0
0.24052332145988609,19,5,6,363,0,1,11.04,1
0.9093085252463616,0,3,4,358,1,1,12.43,0
6.697695452119817,12,2,2,704,1,0,12.31,1
0.43214137835921795,17,5,2,329,0,0,15.18,0
4.621011094925578,8,6,4,705,0,0,11.27,0
1.407500168002204,23,2,5,118,1,0,10.23,1
2.4657112846259417,23,2,1,44,0,1,14.59,0
1.7032609597707298,8,6,1,330,1,0,13.08,1
2.1977423886142673,22,3,4,663,1,0,10.9,1
6.347819933193434,8,3,3,347,0,1,10.03,0
1.7628576980277544,9,6,3,207,0,0,17.47,1
4.178217653528511,1,2,2,491,0,1,11.45,0
3.2317989334513086,5,5,4,298,1,2,12.26,1
5.448329615463392,14,1,4,134,0,0,14.62,0
13.809608237564845,2,0,4,700,1,1,8.11,0
6.594526356275214,10,3,2,546,1,0,13.62,0
1.2099780662202366,5,6,5,368,0,0,10.05,1
0.15839839412128923,2,1,6,421,1,1,12.79,1
1.5208465100279396,23,3,1,170,1,1,11.38,0
4.520303259365487,10,2,4,198,0,1,9.3,0
0.2639763904988734,14,6,4,46,1,2,10.7,1
3.4295297801309443,12,1,4,573,1,0,9.81,1
4.542144199937801,19,6,6,34,0,1,8.28,0
2.034159389690502,9,5,3,166,0,1,15.66,0
7.368249795733673,5,5,3,648,0,0,11.85,0
0.56359457382339,14,4,5,191,0,2,8.43,1
0.39055252896123505,17,0,2,709,0,0,11.62,0
6.513237051081964,17,0,1,492,1,1,14.01,0
3.420851133315343,6,3,2,467,0,1,13.07,0
5.830213278665704,14,0,4,411,0,1,9.65,1
2.8531199956442865,17,6,3,411,0,0,8.34,0
1.414481268792658,17,6,1,511,1,0,13.1,0
8.54911849285598,19,4,5,384,0,0,9.84,0
8.03260781980095,8,5,1,274,1,1,11.91,0
5.932244098545607,23,1,5,654,1,0,12.56,0
1.5882680749401603,1,1,2,719,1,1,13.55,0
4.460804398617321,7,5,1,505,1,0,13.47,0
2.2390498778991104,19,2,4,494,0,0,10.08,0
0.48025367303326616,1,5,2,219,0,0,15.87,0
12.463499217688208,10,1,3,523,0,1,9.29,0
0.7356522440976001,6,3,2,552,1,1,11.41,1
15.002453265613813,5,4,1,564,0,0,12.3,0
2.953005063954361,9,5,3,660,0,0,12.2,0
1.023651409567329,4,2,4,311,1,2,12.12,0
3.903349230758683,10,3,2,459,0,0,9.73,0
10.315708971410293,0,5,3,610,1,1,10.23,0
6.588038895652368,1,3,4,675,0,1,11.7,1
8.213969130368787,23,5,6,282,1,0,7.87,0
5.376188575852013,0,3,2,592,1,1,11.6,0
5.892769180707661,18,6,5,72,1,2,10.35,0
9.458859940251397,1,0,2,511,1,2,10.44,0
1.4361975777006006,20,3,4,170,0,1,11.36,1
3.361088330856207,19,6,2,540,1,1,13.63,0
1.2500656455306116,22,0,1,566,0,0,13.28,0
21.977792087026646,20,1,7,299,1,0,11.25,0
14.417318936602072,23,0,3,390,0,0,13.05,0
0.20112550602689544,3,3,6,645,0,2,9.12,1
6.1136578159786445,11,4,6,324,1,0,8.56,0
12.967917787376278,21,4,7,694,0,0,11.91,0
0.9957641269392501,19,1,3,504,1,0,10.28,1
4.196014588229511,17,3,4,501,1,0,10.26,1
12.354326320627651,0,0,4,190,0,0,9.98,0
0.17267761772105905,0,4,1,74,1,0,14.0,1
5.977052284464427,23,5,9,707,0,0,11.31,1
1.7644748237260641,13,2,2,236,1,1,12.89,1
12.911243356778378,3,3,1,137,1,1,12.56,0
17.712349613111268,4,6,3,533,1,0,11.98,0
14.435868406204872,10,6,3,471,1,1,8.97,0
3.2143070259922912,23,5,3,94,0,1,11.22,0
9.904053533676791,22,5,2,296,0,0,15.81,1
9.307136366495394,12,3,3,428,0,0,12.92,0
1.9217026075976718,15,2,4,726,1,2,13.26,1
8.827987706973266,23,4,1,253,0,1,15.23,0
0.18854897634454862,12,2,1,694,1,0,11.78,0
4.535043201439034,23,1,3,318,1,0,15.42,1
1.3068812059864285,21,0,4,314,0,1,7.25,1
0.6423888373582203,1,0,3,215,0,1,12.26,1
0.40037671652191376,15,5,0,255,0,2,9.88,1
5.958389748441185,5,4,6,229,1,0,5.77,1
2.0766300653428353,13,2,6,533,0,0,11.07,1
6.450682186101888,0,5,1,40,0,1,11.82,0
0.33794967744737164,16,3,3,527,1,0,14.09,1
1.893801907088391,10,5,2,306,0,0,8.05,0
3.8771175720002478,18,3,3,32,1,0,11.42,1
7.820486666689938,2,3,3,603,1,0,9.17,0
1.9191480352007948,10,1,4,34,1,2,10.14,1
4.916045432010813,4,1,3,550,1,1,14.7,0
10.856808293621349,16,3,4,599,0,0,14.38,1
4.783782545360431,21,4,4,309,0,1,11.83,1
1.3260782148292474,6,1,3,452,1,1,8.41,1
0.12351706872077611,9,1,2,267,0,2,9.99,0
10.204908431870907,10,0,4,346,1,2,11.12,1
0.10749432080130657,2,5,3,156,0,0,9.99,0
10.385288833020851,19,0,4,333,1,2,12.12,1
3.763818602347772,9,4,2,207,0,0,15.75,1
13.989959213963314,9,1,3,519,1,0,9.63,0
8.016862615115626,13,6,3,466,1,0,9.81,0
30.91097205423663,11,1,4,690,1,0,8.44,0
2.1593930842414184,14,2,2,67,1,2,11.89,0
7.287626295557289,9,4,4,659,0,1,10.9,0
2.5702450131147043,9,6,2,512,1,1,12.44,1
3.2684365214259565,18,5,3,344,0,2,13.4,0
4.937664538140577,0,5,4,513,1,0,11.59,1
10.34457032016195,23,6,4,126,0,0,10.68,0
20.701985184206542,9,5,4,46,0,1,10.88,0
7.310985551696126,1,6,2,476,0,2,12.57,0
2.704420967955709,16,4,0,308,0,2,13.88,0
2.7353478790951207,23,6,3,481,0,0,10.25,0
6.6890888798683275,6,6,2,695,1,2,9.99,0
1.3641456002979715,6,2,3,635,1,2,11.88,1
0.5853333479033074,19,2,1,716,1,0,12.2,0
2.1895966579705823,8,0,3,58,0,1,12.65,0
1.69304553208913,21,4,3,575,1,0,11.74,0
1.7570734486615278,1,4,2,39,1,0,12.43,1
1.3303058297974837,13,2,0,130,1,2,15.97,0
0.21502390468673663,16,3,5,682,1,1,7.19,0
0.0901780141597453,0,3,4,116,1,1,14.34,1
21.99988989556151,8,0,2,499,1,2,8.03,0
2.79109873446051,19,3,2,330,1,0,15.3,0
2.425193637276589,20,3,2,669,1,0,12.8,0
5.691663243132235,18,3,2,235,1,0,11.35,1
1.2311262797046667,3,1,5,630,1,1,7.06,0
14.97478126869888,7,0,6,111,1,2,8.0,0
7.716963909377931,12,2,3,241,0,1,11.27,1
0.46831819320503476,3,3,3,148,0,2,11.99,1
2.7028238701669487,8,5,1,165,0,1,16.09,0
10.564714800704266,8,6,2,406,0,1,12.55,0
14.477808015604161,21,1,4,457,0,1,11.44,1
3.1499372155069616,17,3,3,343,0,2,12.3,0
4.751970862882183,11,6,2,433,1,0,11.74,0
0.9138119462839928,9,6,3,272,0,0,11.22,0
23.647223430464063,10,1,0,374,1,0,13.79,0
1.3176908250884165,6,0,2,641,0,2,13.65,1
14.30004665746944,8,5,1,656,1,2,11.37,0
5.2440652973428,5,5,3,453,1,0,10.59,0
4.679111114360969,18,5,4,45,0,2,11.51,0
3.594258762962206,15,3,5,545,1,1,7.85,0
1.311175140259813,14,1,1,295,0,0,13.43,0
0.9711288501168364,6,5,6,589,1,2,8.11,1
1.2454244931025338,15,6,1,49,1,1,14.21,1
1.031667317772751,4,6,1,40,0,0,15.95,0
7.561203787863983,15,4,1,49,0,0,12.11,0
2.154878205365372,0,4,2,308,0,0,13.92,0
0.2979150416638424,18,1,5,362,1,1,10.4,0
17.385421082633872,4,3,3,576,1,0,10.83,0
10.761604850130002,6,3,3,430,0,1,11.61,0
13.138272769033772,18,0,5,67,1,1,12.6,0
26.400248845248534,21,0,4,112,0,0,10.46,0
0.9551684828809266,4,5,2,61,0,1,15.02,1
2.522909274469404,16,2,1,83,1,2,12.96,0
7.099017377406353,21,6,2,648,1,0,9.58,0
5.953977012106687,7,0,4,566,0,1,10.51,1
0.8355644239675343,0,3,2,74,1,2,9.42,1
8.459565014931576,1,6,3,659,0,0,10.96,0
1.2708533362029315,14,2,4,323,0,0,10.09,1
1.2668387698482153,19,0,5,154,0,1,13.63,0
3.849864921454185,17,1,0,577,1,1,17.22,0
4.493972620934595,10,4,5,373,1,0,10.17,1
4.338529227647337,9,0,7,452,0,0,10.82,1
0.4797295148550687,23,0,3,196,1,1,10.8,1
10.496624056457119,23,1,3,298,1,0,8.75,0
1.5435074883350777,3,3,2,223,1,1,13.46,1
0.6935233048470015,4,5,5,153,1,1,10.72,1
10.979790492400168,3,1,2,300,0,0,10.52,0
15.578381763766396,12,5,5,87,0,0,8.21,0
9.907133922374811,12,0,2,88,1,1,14.28,1
8.290937348668061,17,3,1,479,0,1,9.83,0
5.3245625059931,23,2,3,246,0,2,12.72,0
4.002073907849494,1,0,3,610,0,0,10.97,0
0.45502448376175403,15,1,2,511,1,1,13.52,0
2.625072499551324,0,2,5,273,0,0,11.98,1
2.331560393153081,18,4,2,132,0,2,10.65,0
1.5038621173814224,8,2,8,546,0,0,5.32,1
6.426277899985342,2,1,4,293,1,1,13.73,0
3.424662419588268,6,6,6,270,1,0,9.09,1
0.4225972361777927,9,2,4,258,0,0,11.46,1
1.2434813059020824,0,1,1,481,1,0,15.02,0
5.748350637986245,9,6,6,484,1,0,7.28,1
0.3959242009745616,20,0,5,573,1,0,11.8,1
9.525993115221024,8,6,8,403,0,0,8.88,0
3.417435221560392,14,3,2,53,1,0,15.34,1
3.2752756871779547,14,4,2,335,1,0,15.31,1
4.487440382940374,2,6,5,403,0,1,10.13,1
8.705739564722384,4,3,4,216,0,1,12.31,0
2.137090669726076,8,3,4,669,0,0,10.89,1
5.666269489614255,21,3,5,141,1,0,10.29,0
4.170466705174868,8,6,3,522,1,0,9.34,0
1.5532407280053537,22,1,3,323,0,0,11.15,1
10.544557177201792,6,1,6,451,0,0,5.61,0
7.983250668763663,23,4,2,178,1,0,12.13,0
5.37133284692438,22,1,3,180,1,2,14.24,0
9.505028592708033,11,5,3,203,1,2,13.16,0
10.09810319110265,8,1,2,226,1,0,12.62,0
6.161226604546554,5,1,1,284,1,1,12.8,0
9.070434253104661,22,1,1,443,0,0,12.12,0
5.977898321859919,1,0,2,197,1,0,10.56,1
5.6993714586443245,8,4,2,111,0,2,14.04,0
4.819682095110941,16,5,1,99,1,0,10.13,0
6.9861019581303205,0,1,0,455,1,1,10.88,0
0.8634708773063949,18,4,2,431,1,1,14.21,1
10.637731590260767,5,2,8,554,0,1,8.02,0
10.272516610714677,4,0,4,660,0,0,10.89,0
0.1484175577151101,1,6,3,241,1,1,12.01,1
8.738236881376569,8,1,4,131,1,0,14.82,0
0.6898195370187782,13,5,4,618,1,0,10.91,1
2.040734912546543,3,0,1,367,1,2,13.79,0
6.803294015803708,3,5,6,362,0,1,13.32,0
0.8762921736478159,20,6,2,234,0,2,12.27,1
8.517837110792861,14,6,1,516,1,0,16.65,0
8.92295148506112,7,0,7,258,1,0,4.19,0
3.540976526547985,3,2,3,218,1,1,9.28,1
0.032031743087075834,15,4,3,128,0,0,10.26,1
1.6916367135592756,20,0,5,440,0,1,11.17,1
4.797647471818692,3,3,2,489,1,2,15.95,0
19.86581733987204,15,6,2,223,1,2,11.22,0
4.995828745445317,21,2,1,584,1,1,15.16,0
1.5041984850505852,11,6,3,665,1,0,16.07,0
5.025687639707752,15,3,2,49,1,2,15.53,0
3.8824850338883565,18,2,8,340,1,1,6.79,1
7.5671261506473275,7,6,0,709,1,2,15.74,0
0.5657350864791453,5,3,5,587,0,1,10.68,1
7.157042403682414,9,3,1,108,1,2,11.88,0
3.8964300953494475,4,6,4,199,1,0,11.65,1
16.48310638883833,17,6,2,275,1,1,11.45,0
2.091780449945556,9,5,4,501,1,0,11.05,0
5.006818486725115,9,0,4,128,0,1,8.04,1
13.443304877842756,6,0,3,351,0,1,8.07,0
0.5407649883263731,17,2,2,170,0,0,11.83,1
13.841269634193843,0,4,1,138,0,1,13.84,0
5.821929417789845,6,6,2,342,1,0,10.14,0
0.3512382514555415,20,5,1,678,1,0,14.25,0
1.790262082141199,0,0,2,150,1,0,12.49,1
6.157954975606562,14,0,1,128,0,0,14.5,0
0.34862963697380656,3,5,1,607,1,0,15.09,0
4.363408645474819,19,1,3,523,1,0,14.29,1
2.122345657556806,9,5,1,173,1,0,14.41,0
4.849980952374174,22,0,3,139,0,0,11.01,0
0.23410619638977423,8,4,2,513,1,0,12.78,1
10.260564224384563,1,1,3,159,0,1,16.26,0
18.150971875721705,13,3,2,429,1,1,14.37,0
17.349178322458755,15,5,4,535,1,2,10.94,1
6.9245132848061495,0,3,1,239,1,0,12.9,0
0.6968059941690288,1,1,3,390,0,2,10.4,0
7.0995286558018,6,1,3,183,0,0,9.23,0
0.12447111141255657,9,1,4,674,1,0,14.22,1
0.11185973867236931,21,2,4,562,0,0,11.76,1
1.9549288510861509,19,5,4,576,0,0,8.26,1
3.353438374608401,0,6,3,389,1,0,11.35,1
7.357244612919284,12,4,4,339,0,1,13.34,0
5.748928634454095,0,4,5,503,0,2,9.11,0
2.9520749369785424,4,3,3,665,0,2,9.97,0
1.598455812792035,15,3,3,329,0,1,12.31,1
29.257643808284897,14,6,2,370,1,1,13.72,0
2.777208950550171,16,3,3,33,0,0,10.71,1
3.0018102421227146,22,5,4,664,1,2,9.6,1
0.8933839622727785,15,0,2,583,1,1,13.32,0
7.919083503186542,12,3,7,198,0,0,6.15,1
5.9156611901828695,10,1,4,449,1,1,9.72,0
1.24724264726588,16,3,2,309,1,0,12.16,0
0.42986528451189354,16,1,2,418,1,1,13.88,1
5.704979103686202,1,2,1,214,1,2,12.34,0
5.313975472115715,12,0,2,352,0,1,13.53,0
1.5959292433686985,13,0,3,40,1,2,13.93,1
15.065772031925546,10,6,6,714,1,2,8.19,0
0.8188214159732543,9,5,5,637,0,0,16.45,1
2.831117362517058,2,5,3,307,1,0,14.44,0
14.377842163998274,16,4,2,168,1,0,12.94,0
2.7212857134677506,14,2,4,707,0,2,10.44,1
5.087825088650514,8,6,2,728,0,0,11.29,0
2.534121515045698,9,5,3,115,1,1,14.92,0
1.6025086503344064,7,1,4,260,1,0,11.22,0
20.66885264565887,20,2,1,480,1,1,10.32,0
2.632522879227116,12,0,9,167,1,0,3.38,1
11.22626253424066,17,1,4,560,0,0,11.02,0
1.3065290624194523,4,6,3,367,1,0,11.87,0
1.1983004068942895,5,6,3,185,1,1,9.77,1
0.158145245477775,16,2,2,636,1,0,9.37,0
5.272979294379948,10,0,2,46,1,2,8.47,0
2.298495270861007,19,5,4,290,1,0,9.28,1
9.988690294133969,15,1,2,189,1,1,11.67,0
3.2047655735140683,8,1,2,338,0,2,13.78,1
17.240411706004004,1,0,2,110,0,1,12.14,0
1.026060891304192,4,1,3,726,0,0,13.73,0
10.148427523649552,0,5,2,242,1,2,13.61,0
7.493886523371488,3,5,3,456,1,0,12.63,0
7.368460219450181,3,5,3,371,0,0,13.56,0
9.314663054072945,21,0,3,388,1,0,8.83,0
7.156960563018635,2,3,3,708,1,0,10.53,0
4.920443752117819,8,3,4,235,1,1,15.6,1
0.7034699296379123,21,6,6,365,0,1,5.39,0
0.16533456674992855,22,6,2,290,0,0,11.8,1
12.681916509071321,11,1,3,272,1,0,12.55,0
4.794038447153901,9,5,5,611,1,0,6.25,0
7.961362694658197,1,1,1,424,1,0,11.69,1
3.284291801348973,10,0,4,366,1,0,14.79,1
0.6238958208700401,9,1,3,308,0,0,11.94,1
0.6687187455816921,21,4,6,278,0,1,8.05,1
5.784894074723557,5,3,3,59,1,1,12.02,0
2.8132785996209515,17,1,1,160,0,0,12.05,0
1.1189983744581806,1,1,4,553,1,2,14.23,1
3.382380067046655,1,2,3,489,1,0,9.62,0
0.33181525396729833,9,1,2,424,1,1,11.35,0
4.361027161624753,15,4,4,557,1,0,7.82,0
1.5666639830622868,11,3,6,442,1,1,8.61,1
7.986536450159809,0,2,3,146,1,0,11.25,1
1.8579419859009692,20,0,6,178,1,1,11.59,1
3.0368675459765626,7,6,5,138,1,0,7.97,0
0.05844293025465451,15,0,2,265,0,0,13.37,1
0.3760261115334893,17,3,4,456,1,1,10.97,0
2.4919624854285862,12,6,1,546,0,1,9.41,0
3.2690442439000633,14,0,4,209,1,0,9.35,1
4.581710517459567,20,4,1,425,0,0,11.67,0
1.7241735753722909,11,1,2,30,1,0,15.77,1
5.9369205719459295,7,3,5,37,0,0,11.09,0
9.834937522015512,9,6,1,173,1,0,13.49,0
7.567253193487854,13,2,4,684,1,0,2.21,1
0.20212508198851578,4,1,1,304,1,1,9.38,1
3.2745092075105413,17,0,3,694,0,1,13.06,0
0.5542677540477307,18,0,2,316,1,1,13.96,0
1.385656413923591,14,2,4,519,0,1,9.32,1
21.585913276147167,5,4,3,671,1,1,11.66,0
0.7686445108652931,10,2,5,662,0,0,9.91,1
3.4546297810450373,20,3,6,600,0,2,9.54,1
4.813712174806433,10,2,4,60,1,1,10.06,1
6.0611165742886906,19,0,5,481,1,0,11.63,0
4.100912120190553,19,4,7,273,1,2,10.61,0
0.04909447692281613,20,4,2,169,0,0,10.48,0
1.9760491799893007,17,5,4,430,0,1,8.41,1
3.6460654678634166,17,2,6,570,0,0,7.61,0
0.45984458552025365,9,3,3,193,0,2,11.7,1
2.158739455418413,1,0,7,133,1,1,9.11,1
0.16883422852762026,8,1,6,92,0,1,10.78,1
0.40918844804043625,13,4,3,44,1,1,13.54,0
2.528554267677974,18,2,1,523,1,1,13.92,0
0.7119425296233068,9,5,2,208,0,0,12.86,1
4.191337019590604,22,3,4,552,1,2,14.1,0
5.84729281579217,3,3,4,470,1,0,10.81,1
8.061878595553797,5,6,5,554,0,2,11.18,1
1.116656871289236,13,0,4,517,1,1,11.44,1
0.9165056756753848,3,4,4,340,1,0,10.45,1
0.5522440864253784,14,0,2,604,1,0,12.07,1
5.058920573520652,15,5,6,159,1,0,11.84,0
6.1289746975579975,6,1,1,495,1,2,13.02,0
0.16047873368016055,16,1,1,531,1,0,12.49,0
13.760970272244544,18,1,7,292,0,0,6.93,0
0.26685242839504014,18,3,3,200,0,0,12.45,1
3.89675444047811,16,4,3,435,1,0,10.58,0
6.173200020306195,5,0,1,54,1,0,13.86,0
10.238517762273805,10,0,2,478,0,0,12.76,0
6.260337364360131,15,5,1,189,0,2,12.35,0
8.090579362983629,7,1,1,246,1,1,10.41,0
2.073413745732168,10,4,2,717,0,2,10.34,0
8.432272846739616,6,4,3,519,0,1,9.86,0
0.4175322487908133,23,5,2,309,0,0,10.39,0
11.26025159392608,21,2,7,110,0,2,9.31,0
3.9658584143946474,18,4,4,154,1,0,15.06,1
8.499488048327594,9,4,4,199,1,0,9.78,0
3.010304859675232,8,0,3,611,0,0,10.83,0
5.158195008600444,3,5,4,619,1,1,9.63,0
3.736989069793848,22,4,4,119,0,0,12.52,0
6.576189174934603,14,4,7,409,1,1,9.25,1
0.42577449944478085,12,0,4,140,0,2,10.77,1
0.3112501565950754,1,4,4,193,1,1,8.37,1
1.4191357876995818,1,0,1,444,0,0,11.26,0
0.8690574325757503,15,2,1,669,0,1,13.55,0
10.270177785011992,8,3,1,184,1,2,13.65,0
1.2372707909027696,12,6,5,223,0,0,9.97,0
18.620514047170467,2,0,6,505,1,0,10.53,0
2.0541156216571466,8,0,3,714,0,0,9.15,0
1.0051855198942645,12,4,6,50,0,0,9.81,1
7.796065487971737,20,0,7,138,1,1,8.9,0
5.375081026707593,21,5,2,428,1,1,10.48,0
3.4477255436171688,1,1,3,158,1,0,10.39,1
4.052491495578103,7,1,3,538,0,1,12.99,0
6.350594698644832,8,2,2,309,1,1,10.12,0
1.2967997284335335,15,0,2,456,0,1,17.33,0
28.043156160238524,1,5,1,56,1,0,14.31,0
18.403199889450473,5,4,2,373,1,0,12.29,0
5.253765450662784,21,4,4,430,1,0,10.3,0
1.1128588923444667,7,6,1,633,1,2,14.78,0
5.700738976376844,4,3,5,324,1,1,9.18,0
0.37468685917146644,8,2,3,596,0,0,10.86,0
0.1556605826180974,0,5,3,225,0,0,14.51,0
1.4898937656944828,8,5,3,185,1,1,10.66,0
3.1052765093671946,9,6,4,469,0,0,11.07,1
10.135099625954203,22,6,0,130,0,0,12.48,0
6.494514894089445,3,4,4,529,1,0,11.32,0
6.787689523746609,2,3,6,314,1,0,10.36,1
2.7712178970370696,9,4,4,98,1,0,14.17,0
2.122742663447413,14,3,1,415,1,0,11.33,0
2.318428252736485,10,1,3,481,1,1,8.7,0
21.97031945758252,13,5,0,167,1,2,13.47,0
0.20467871021964334,5,6,5,277,1,0,8.77,1
10.088214958778694,11,1,3,132,1,0,11.57,0
4.321758706763312,12,4,2,649,0,0,13.44,0
2.886745405173298,16,2,4,539,1,0,15.33,1
6.459607837444352,15,0,4,404,1,1,9.9,0
3.33417151799607,2,2,6,184,0,0,4.78,0
10.334531706338835,1,2,3,116,0,0,11.12,0
11.548142398101874,10,0,2,511,1,1,13.1,0
2.7384935067701237,8,5,0,238,1,1,12.06,0
1.6205395354257095,2,1,3,207,1,0,12.07,1
4.486735609704546,17,1,3,615,0,0,11.87,0
12.172779697617994,19,5,4,287,0,1,11.32,0
1.1828044947501228,14,0,3,302,0,0,13.18,0
4.877107288497878,13,3,4,53,1,0,10.63,0
4.992390001127717,1,2,1,612,1,1,14.3,0
6.604650075634277,16,4,0,624,1,0,10.4,0
0.7053281485133022,21,1,3,429,1,2,9.68,1
6.29082454563555,7,5,2,382,1,1,11.72,0
11.986266031446224,9,4,3,330,0,0,9.59,0
0.9903228039007228,17,6,2,39,0,1,12.41,0
1.3560479584358098,18,0,3,72,0,1,10.91,1
17.770885194307557,7,4,3,80,1,0,10.69,0
0.9982152737757894,7,4,0,136,0,0,15.77,0
9.63394883878329,2,2,1,264,1,1,13.37,1
3.3891047127677454,2,0,2,519,0,1,10.23,0
1.4199848499718524,11,4,4,704,0,0,9.59,1
10.230030008724246,21,1,3,504,1,0,13.11,0
2.946686627799779,16,0,0,610,0,2,14.4,1
3.6161493455055904,3,1,5,321,1,1,12.39,1
2.2254497958890394,16,5,3,510,1,1,13.29,0
4.494106713425393,13,5,2,489,0,1,11.62,0
0.8927864880881569,18,6,2,454,1,0,15.27,1
2.4803545318173676,8,3,2,358,1,2,15.44,0
17.43579020910572,20,5,1,214,1,0,9.63,0
1.492929402120031,11,4,0,535,0,1,14.06,0
5.346286922585514,4,0,5,657,1,0,8.9,0
1.9666210219446354,10,5,5,507,0,2,9.48,1
7.424458453535825,19,1,0,43,0,1,12.37,0
0.7013338980506838,2,4,1,122,0,1,11.32,0
17.503052272121998,20,5,2,209,1,2,14.2,0
3.023754610823689,14,2,2,595,1,2,10.06,0
1.346267717488601,13,1,4,334,1,0,10.99,1
0.38168861277968535,10,6,2,504,1,0,9.7,0
0.9301897005229697,19,6,5,571,1,1,12.54,1
3.6674917271479073,7,6,3,553,1,2,11.66,0
2.054925399025833,3,1,2,140,0,0,13.89,0
8.827049420610788,11,6,4,444,1,0,11.19,0
2.818385953427962,7,3,4,450,1,1,10.29,0
1.4298461848792552,5,2,2,440,1,0,12.54,0
4.800494582867339,14,3,0,653,1,1,17.01,0
6.134113034796725,11,5,5,710,1,0,8.21,1
0.9138597384292341,15,2,2,645,0,1,7.3,1
0.9173263506538034,15,1,3,552,1,2,10.03,0
0.18680364004741368,20,3,0,358,0,0,11.58,1
6.66665060394917,19,4,5,301,0,0,11.94,1
5.450312625735495,19,2,3,43,1,1,11.25,1
3.2182708481764637,3,1,3,204,1,0,13.25,1
9.294962453380752,10,0,1,187,0,1,13.26,0
8.190991605846756,12,2,6,651,1,0,9.22,0
4.401655068179608,8,2,2,693,1,1,12.73,0
10.135053132645012,3,5,4,263,0,2,13.76,0
1.1523592518528678,11,4,3,170,1,0,11.97,0
0.5934651069514228,8,5,1,510,0,2,15.42,0
1.5718390286405395,12,6,3,148,1,0,13.69,0
0.29390553364981353,15,2,3,411,0,1,11.27,1
3.7875702141697194,5,2,1,550,1,0,13.05,0
13.791906027009833,9,6,5,718,1,0,9.24,0
0.20069208204691116,12,4,2,439,1,1,14.97,0
0.6511693999155838,6,4,8,78,1,0,5.72,1
3.0092162415096544,18,3,5,399,0,0,8.55,0
13.581043269379974,23,1,3,362,0,0,11.05,0
1.900128055283935,18,1,2,178,1,1,10.1,0
3.5386125188567257,16,3,0,186,1,0,12.82,0
0.21230866500525847,12,1,2,633,1,0,14.67,0
0.8028582566820947,12,2,6,181,0,1,10.5,0
21.573755422666892,20,3,4,490,1,0,9.96,0
16.779021539099546,1,3,3,405,1,0,13.21,0
0.024761114869138078,9,1,4,711,1,1,14.96,1
15.163203993394077,21,0,2,625,0,1,13.03,0
5.096048067842505,12,1,2,454,1,1,15.24,0
10.121672834882553,8,5,2,77,1,1,14.1,1
3.0324613454600473,0,0,3,364,1,0,11.01,1
3.624180343488855,13,3,3,618,1,1,11.99,0
3.3554274975442997,15,0,5,584,1,0,11.05,1
5.496026185327917,19,2,5,498,0,0,8.51,0
0.7520872710472859,14,4,2,604,1,0,7.18,1
0.15215990459985634,0,0,0,274,1,2,12.33,1
1.8403404400689043,16,5,1,661,1,1,8.88,1
6.098491737704197,23,4,3,291,0,2,10.1,0
1.1273152721830517,12,2,2,279,1,2,8.99,1
5.595592046659895,14,5,5,526,0,2,11.76,0
17.51815195114605,15,6,2,81,0,0,10.03,0
0.49303196860893483,15,4,2,518,0,1,13.49,1
5.582895419522681,1,6,5,171,0,0,11.53,1
2.9326891987858676,16,2,7,401,1,1,9.8,1
10.130158110967582,10,4,4,280,0,0,7.06,0
0.974905495293219,7,4,5,343,0,0,12.25,1
5.898449381901769,19,1,3,254,0,1,12.44,1
9.104354307988228,2,5,5,694,1,2,11.61,0
14.467161936901364,11,5,2,85,1,1,16.06,0
5.74818117492311,19,0,6,368,0,0,10.79,0
3.437563063057698,15,6,2,550,1,2,10.03,0
4.8096742777547075,13,6,1,529,1,0,14.51,0
10.159164546839555,15,5,1,513,1,2,10.19,0
4.226945460345029,20,5,8,193,0,2,7.47,1
0.15429158866952597,16,4,5,470,1,1,8.99,1
13.364527536495865,10,6,4,162,0,1,10.82,0
5.848287680055751,16,3,1,110,1,1,10.18,0
5.642987719397445,18,1,6,379,1,1,6.41,0
1.2146599900901198,21,0,1,676,0,0,12.3,0
5.377684968340444,0,1,5,163,1,1,9.55,0
2.5032578244792942,11,0,2,81,1,0,11.55,0
5.266755678436183,14,2,6,523,1,1,12.1,1
0.5635653439134802,17,4,3,231,1,1,12.45,0
5.362461592329283,22,5,6,647,0,0,9.99,0
37.20861454852203,13,5,3,537,1,2,10.84,0
0.24706499447150343,0,3,6,43,1,0,6.42,1
18.899315562811143,12,6,5,414,0,0,9.99,0
2.6120284122729864,14,6,1,230,1,0,16.81,0
10.230167305078766,6,1,3,194,0,0,12.05,1
7.625150284671463,14,1,3,590,1,0,13.83,0
4.185275529632762,19,1,2,162,1,0,14.88,0
6.705633929263293,9,6,4,611,1,0,11.92,0
10.539845504791698,13,5,2,148,0,0,12.84,0
2.5887503932435134,5,6,4,680,1,0,8.82,0
1.9802961239550323,13,1,4,722,1,1,10.38,0
5.506981585861535,23,4,0,515,1,1,13.28,1
8.247289214855368,21,0,4,212,0,0,11.46,0
7.1834168441025605,11,5,2,487,0,2,9.57,0
7.992827382238877,10,4,3,364,1,0,10.53,0
2.8598124837094323,19,2,3,591,1,1,12.41,0
8.514190531929316,21,4,2,722,1,2,11.0,0
0.6403548132678573,23,4,0,666,0,0,12.17,0
3.931678141721415,18,2,1,260,1,0,11.62,0
0.02887652758126927,1,4,5,340,1,1,9.46,1
1.9621459547159392,21,0,4,32,0,0,6.04,1
2.2821728131459307,19,5,2,714,1,0,10.91,1
2.5223351759433372,0,3,1,110,0,1,15.11,1
5.944882510155721,7,6,1,304,1,1,13.85,0
2.4596767135570325,13,2,3,417,1,0,12.44,0
2.9773229278196425,8,5,3,374,1,1,7.94,0
1.3560532436598896,1,1,3,248,1,1,10.77,0
2.336052002753381,22,0,5,681,0,0,9.77,1
1.289125487665244,4,3,4,92,1,0,11.73,0
0.3800654412769361,22,0,3,469,1,1,13.82,1
4.624747976592281,7,0,0,56,1,0,15.91,0
5.516307375355344,15,1,7,410,1,1,7.23,0
4.831218650742091,21,3,3,693,1,0,10.48,0
3.113388075084737,15,6,4,277,1,0,13.62,0
2.3884517238994993,12,0,4,183,1,0,10.08,0
9.951063609473774,19,1,4,239,1,2,8.63,0
3.660290274007968,14,2,1,51,0,2,12.79,0
3.261771957576247,0,1,4,611,1,1,13.5,1
0.12988276971007237,21,4,3,48,1,1,9.79,1
2.087039407053988,2,5,4,538,0,0,9.94,1
2.391756824494026,5,1,2,642,1,1,10.67,0
2.5443275709899957,21,1,5,703,1,0,11.91,1
4.3395552743263535,13,1,3,680,0,1,12.18,0
3.8135855217643444,3,6,1,629,1,2,15.05,0
4.681256791374099,17,0,4,458,0,0,13.93,0
7.238365643934406,14,6,6,66,1,1,6.18,1
8.382852007425823,8,3,1,436,0,1,11.68,0
6.3314237191569545,17,1,3,453,0,0,10.73,0
15.563993625021027,2,1,2,712,1,1,12.54,0
0.09200422291350013,9,4,6,367,1,1,10.21,1
1.0893995535625647,16,4,1,300,0,1,12.22,0
0.037958092657078446,6,2,4,681,1,0,9.42,1
5.213164632038758,14,2,2,609,1,0,14.31,0
11.415410050332383,0,4,5,609,1,2,11.09,0
1.3951467213888673,10,3,2,710,0,1,13.03,0
13.088845831118594,16,2,1,646,1,1,8.91,0
0.3107995096936032,4,5,2,491,1,0,14.81,0
13.62364461500059,6,5,5,344,0,0,10.37,0
2.1664123965326922,18,3,2,87,0,2,12.08,0
0.5347023069596843,23,4,2,405,1,0,10.76,0
3.326412744497058,14,2,3,728,1,2,10.33,0
1.4837928153908595,2,1,4,485,1,0,9.02,0
1.6764749629583098,14,4,2,436,1,0,8.4,0
1.835718935806393,4,2,4,414,1,0,9.16,1
8.123415099827117,22,3,4,85,1,1,7.6,0
3.873535690691302,11,5,3,488,0,1,11.48,0
1.8648034787672627,19,3,7,504,0,2,6.1,0
4.712323804772562,4,2,0,545,0,0,15.46,0
6.296558623240507,2,3,4,46,0,0,7.47,0
1.5915587110402303,8,2,5,462,0,1,12.39,1
2.668331669795511,8,2,3,266,0,1,13.27,0
0.6498947976070026,6,3,0,336,1,0,11.87,0
0.9992678386106936,1,0,5,462,0,0,9.81,0
5.714668463130851,22,1,4,53,1,0,9.09,1
1.0010328074182362,22,4,1,329,1,1,14.36,0
3.7239224986605004,20,5,0,657,0,0,17.6,0
6.172954997198428,15,1,3,267,0,1,13.96,1
0.5651544176023522,8,4,4,710,0,0,9.42,1
4.188694362840734,12,4,4,521,1,2,11.03,0
1.4823548004624207,18,5,1,317,1,0,16.24,0
16.47431485903963,19,1,2,444,1,0,13.45,0
3.3038418566340355,16,5,1,429,1,1,15.22,0
8.199293587176795,5,2,1,445,1,1,14.5,0
3.995056249968056,3,5,0,512,1,0,14.15,0
0.22191524639933063,0,3,4,280,0,2,10.66,1
5.0140299178717616,17,0,3,706,0,1,9.18,0
15.121002600623664,18,0,1,429,1,0,11.67,0
4.601642113769123,8,0,5,170,1,1,8.2,1
8.551511073538645,12,1,5,407,0,1,9.3,0
10.779732650770166,7,1,3,149,0,1,11.8,0
1.2943703291825013,22,2,7,367,1,2,8.18,1
1.1915704709007788,12,6,1,479,0,1,13.63,0
4.7206353235476515,14,0,3,190,1,0,12.93,0
2.646887161667886,10,2,5,134,0,1,9.17,0
9.158574910844619,11,6,2,121,0,1,13.88,0
11.51408176856428,13,0,2,514,1,1,14.68,1
2.1803023921175733,3,1,2,448,1,0,13.23,0
1.3516380730422153,0,6,5,450,0,2,8.91,1
7.582596478962244,23,3,2,581,1,1,14.29,0
1.606580613670829,3,3,1,83,0,1,14.17,0
8.647144627595175,18,3,3,630,1,0,12.84,0
2.755966503777051,8,5,3,676,0,1,14.67,0
5.506327516026851,9,3,1,543,1,0,14.62,0
0.5020600864556289,3,4,5,126,1,2,13.15,0
4.888960345326871,19,0,2,597,0,0,12.1,0
3.005280689813925,8,3,4,665,0,1,9.94,1
4.416800520333024,12,6,5,214,1,0,12.3,1
0.9196995746157897,11,4,4,462,1,1,8.83,0
6.675606523742664,10,4,5,500,1,1,13.78,0
9.931471316059389,11,4,4,154,0,0,13.4,0
1.2214516334426968,17,2,4,363,1,0,10.98,1
0.5030510563140048,11,6,2,293,1,2,14.8,0
0.11961229965786996,15,2,6,220,0,1,10.52,1
5.135713440247937,4,4,0,250,1,0,11.42,0
4.67092486661959,19,5,1,228,1,2,11.57,0
3.9559770669178285,11,3,0,373,1,1,14.57,0
1.3194833147064442,20,0,2,203,1,0,12.72,1
2.478913325326026,10,6,1,246,0,1,15.82,1
4.51288023769661,8,5,2,235,0,0,13.0,0
3.4335085749595793,17,1,8,608,1,0,5.06,1
22.02566581690663,2,2,5,402,1,2,8.91,0
0.7334580630766365,19,3,2,203,1,0,13.89,0
5.939587812102318,16,3,1,107,0,0,9.55,0
2.590248004051997,13,1,2,352,1,1,9.58,0
2.794826628258579,0,1,5,583,1,2,9.25,1
6.322114307095265,16,6,5,605,1,0,11.85,1
5.895362876599073,7,3,2,413,1,0,11.97,1
23.69693403932185,4,1,4,466,0,1,11.72,0
0.6870906206829155,4,3,1,228,1,1,13.21,0
0.5496862502032771,8,5,1,631,1,2,12.92,0
6.442913828367711,2,6,1,36,0,0,11.89,0
4.318336252339902,18,1,5,292,0,1,11.68,1
1.6021329622501308,22,5,2,663,0,0,9.89,0
0.41375343673898735,8,5,4,705,1,1,10.33,0
0.44775435531953967,21,1,4,657,1,0,13.09,0
11.230592562327946,17,6,5,554,1,2,8.47,0
1.0651451592998202,15,3,4,49,0,0,7.69,1
1.953164964737904,0,4,3,283,1,1,7.37,1
1.2851591504781665,1,3,3,627,0,0,12.93,0
2.1924961740521036,13,0,3,209,1,1,13.07,0
0.35975680365814916,13,1,5,382,1,1,9.31,1
3.660061610127674,0,2,4,602,0,0,8.26,0
0.35003423188720684,15,6,3,244,1,0,11.31,0
8.05611021079626,14,1,2,387,0,0,14.76,0
1.3309865384210302,14,0,4,631,0,0,8.26,1
3.8827734557429734,11,5,5,637,1,0,12.12,1
10.604614082448709,15,2,1,602,0,1,9.81,1
5.261660202051321,13,2,5,597,1,1,7.73,0
3.8066781628736583,23,3,5,249,0,1,10.22,0
1.9602802124207304,14,4,2,635,1,0,14.3,0
2.024840506119234,22,3,2,581,0,0,15.34,0
5.53554575284868,14,6,2,366,1,1,14.38,0
25.69748337353652,18,2,2,348,0,0,15.5,0
5.421168634826156,7,2,4,495,1,0,11.16,0
4.0797775548399065,1,4,3,183,1,0,10.36,0
6.558727620964056,1,6,1,380,1,0,15.57,1
3.1293646399120445,9,1,5,91,1,0,12.73,1
0.3101342174160877,2,4,2,489,0,1,14.26,1
4.131071300719805,22,5,3,269,0,0,12.83,0
15.806017136476676,16,3,0,219,0,2,16.78,0
0.9636958147035177,7,1,1,175,0,2,13.88,0
5.855993792341289,22,3,3,551,1,1,11.56,0
1.1215567187112898,3,4,2,321,0,0,13.85,0
3.8374971301322325,13,1,2,671,1,0,13.36,1
0.5083724185118045,20,4,3,89,1,0,13.37,1
2.9925582892294034,9,5,2,502,0,0,12.14,0
7.056283292712283,0,0,3,716,1,2,13.42,0
2.1352688074272708,3,2,5,102,1,0,11.72,1
5.466806364380442,0,6,3,268,1,1,12.03,0
7.934713214581751,16,1,5,445,1,1,8.5,1
13.098673463521045,16,2,4,208,0,2,13.28,0
1.3370584385777782,6,0,4,96,0,1,8.38,1
2.548430664572674,22,1,4,622,1,1,8.88,0
0.826826726612014,19,2,2,106,0,2,12.74,0
24.453274810240273,14,2,2,277,1,0,7.38,0
13.086545485792861,12,1,5,97,1,0,13.09,0
3.8821779939956134,1,2,5,597,0,0,10.03,0
9.226854960309858,18,2,1,128,1,0,16.28,0
3.679834776491431,23,1,3,617,1,0,15.21,0
4.885324243108654,12,6,8,607,0,0,7.29,1
0.466744897715109,23,2,3,574,0,0,14.3,0
7.038007175778694,10,2,6,571,0,1,7.08,1
0.6831866761445355,21,6,1,567,0,0,14.07,0
8.745443674676697,14,3,3,353,0,2,10.65,0
7.616945335093326,9,5,2,152,0,0,13.79,0
6.167775345468045,8,3,1,62,0,1,14.97,0
0.1841518402577656,8,0,2,684,1,0,12.08,0
1.8057702002577507,19,3,3,174,0,1,12.69,0
1.5266006958956373,0,3,4,546,0,0,12.69,1
2.232501310097585,16,0,2,702,1,0,12.78,0
0.45861820286188815,11,2,2,339,1,2,17.48,1
13.81975650446037,9,2,3,173,0,2,11.33,0
4.034965093815908,4,3,5,693,1,0,13.31,0
1.8229906097380109,17,0,3,546,0,2,13.89,0
2.5290371555329956,14,2,3,224,0,0,7.88,0
2.963818011213151,5,4,2,512,1,0,15.39,0
4.58888835110396,6,1,1,666,0,1,15.35,0
3.625041260227198,16,1,3,504,1,0,11.83,1
12.590785232588233,5,5,4,617,1,0,11.54,1
3.435462564603948,7,1,2,198,0,0,13.39,0
24.241316326801176,11,3,1,212,0,0,15.95,0
9.533325566641402,20,1,5,142,0,0,9.17,0
1.1691934191971594,13,1,2,305,0,0,15.57,1
13.338997302944271,11,4,2,505,1,2,10.23,0
0.6185638975497147,22,2,5,207,1,0,6.48,1
8.503647870053628,9,4,1,666,0,0,14.39,0
2.395208093335486,21,3,3,320,1,1,14.12,0
10.51761884121618,19,1,6,463,0,0,8.84,0
10.126914595778134,14,6,4,492,0,0,6.27,0
8.197563291787237,6,2,6,446,0,2,6.22,0
7.803963467821306,8,5,0,167,1,2,14.87,0
1.8169093479589338,9,5,3,518,0,0,11.58,0
0.42190664600374733,9,1,5,197,1,2,12.57,0
2.579024823711498,15,1,3,163,0,2,11.75,0
0.9529251168332877,6,5,4,190,1,1,9.32,1
5.93641575488737,4,5,1,406,0,1,13.82,0
2.1240021310655317,22,6,7,359,0,0,10.43,1
18.567951510635414,2,3,2,424,1,0,15.1,0
5.121775572680622,17,1,4,201,1,1,10.58,0
8.643375877049689,10,5,4,499,0,2,10.93,0
0.7108410438327972,14,6,1,451,1,1,14.76,0
9.903032716682254,20,0,3,285,0,0,10.1,0
12.804007243080664,19,5,3,709,1,0,13.07,0
3.3380007027412466,4,2,6,149,1,1,8.74,1
4.660232749124953,23,2,4,48,1,1,10.65,0
7.236803671659189,11,0,3,276,1,0,11.61,0
0.9608815422728965,3,3,3,234,0,1,11.86,0
3.4914627410819725,14,1,3,449,1,1,15.43,0
2.542999078347839,8,1,3,96,1,0,10.66,1
0.7913105552263051,6,5,4,371,1,0,9.97,1
2.2906474122836578,9,2,3,374,0,0,14.49,0
0.35303681352055105,22,3,1,726,1,2,14.09,0
0.13075439984406323,12,3,4,416,1,0,12.34,1
0.7260901616428179,7,3,5,371,1,1,7.94,1
16.499766699885537,11,5,5,137,1,1,10.49,0
3.9873138327906146,21,1,3,706,1,0,13.22,0
16.88088915942053,23,3,3,662,1,0,10.25,0
2.8325539550412495,18,5,5,431,0,1,11.26,1
1.8684961416535204,0,5,3,625,0,1,11.19,1
3.5275348738864984,15,0,2,331,0,0,11.11,1
2.8947344531327417,21,4,3,136,0,0,13.63,0
0.5583725029919596,16,3,1,664,0,1,15.48,0
5.1197460219874635,17,4,4,614,0,1,11.06,0
1.2169748099916533,10,1,5,506,1,0,10.9,1
4.832501422528819,17,5,3,366,1,1,14.25,0
5.2519841966230985,6,6,3,489,1,2,10.81,0
0.8245197577722321,17,3,1,342,1,0,13.9,1
0.3165610447526569,7,6,2,183,1,1,11.63,0
7.587977466119651,5,2,2,638,0,1,10.36,0
3.0790831104569314,6,1,6,378,1,0,8.41,1
0.29961950051907926,22,0,5,623,0,1,7.75,1
26.359659883683328,21,0,4,558,1,2,11.65,0
0.2975854071221184,9,4,6,329,1,2,7.66,1
5.9377950675007565,10,5,4,721,0,0,8.01,1
20.576490388284764,12,4,1,563,0,2,14.69,0
1.3667930847857352,8,2,6,265,0,0,10.56,1
0.7672093061679247,6,2,2,240,0,0,11.74,0
0.6470420301200468,8,0,2,315,0,0,13.81,0
1.806823529705549,12,6,3,452,1,2,9.99,1
0.5326160177578074,2,3,5,523,0,0,9.26,1
5.890897349640917,2,0,3,448,1,2,12.41,0
0.32158231899763545,0,0,3,374,1,0,13.67,1
3.5608562621731843,20,6,1,552,1,1,12.44,0
28.564399433999675,19,6,2,348,0,0,11.21,0
8.409243883383578,1,2,3,371,0,0,13.57,0
4.775410383099368,2,6,1,408,0,2,14.43,0
1.8282441654349264,14,4,1,575,1,0,13.5,0
4.889445714095118,23,2,4,662,1,0,13.16,0
3.743737779397671,5,6,2,724,1,2,16.29,0
2.776355806583479,12,5,4,619,0,2,11.53,0
0.7003946293017256,20,2,4,664,0,0,9.62,0
10.884355299060237,0,2,1,237,1,1,14.19,0
2.987227648963911,19,0,3,215,1,1,9.96,0
1.082220910307068,18,3,3,46,1,0,14.08,1
2.2924259169146763,0,0,1,319,1,0,11.8,0
2.67328467310067,20,1,3,283,1,0,11.21,0
8.787888755452666,21,2,2,640,0,0,10.72,0
6.614051614296391,1,6,5,475,0,0,10.36,0
7.333291630850959,14,6,5,485,0,0,10.43,0
0.05546280010766931,13,6,6,176,1,0,10.69,1
2.690590132204877,18,2,3,143,0,0,11.84,1
3.2825736051908034,10,6,2,126,1,0,12.49,0
0.09689419733223151,14,1,1,411,1,0,12.05,0
1.5042635201091314,5,2,2,405,1,1,11.83,1
7.14162340857189,19,6,1,535,1,2,10.41,0
0.7373385866694464,8,2,3,351,0,0,14.39,0
3.831925226324291,4,5,4,357,0,0,10.61,1
1.2116437803844688,19,2,4,378,1,1,14.08,0
0.0609741512438881,1,1,1,199,1,2,12.96,0
1.3800948092514966,5,0,1,336,1,0,9.4,0
18.62227511571439,17,2,5,228,0,0,9.1,0
8.085765789807736,22,3,3,206,0,0,11.59,0
16.041737750956166,18,1,0,153,1,1,14.13,0
3.34572812055584,8,4,8,186,1,2,8.95,1
0.5811872709759626,20,5,2,636,0,1,12.75,0
3.9699173850084724,23,1,5,315,0,1,9.33,0
3.0291381554346426,5,0,3,640,1,1,9.77,0
9.300954436999046,13,6,2,264,1,0,11.59,0
0.5161615804331191,23,6,7,323,1,1,9.61,1
3.349508678149231,12,1,0,47,1,0,15.72,0
0.8128809185896223,10,4,3,203,0,0,10.25,1
1.9628129750685221,11,6,4,432,1,0,12.81,1
6.684799390123954,18,5,4,410,0,1,11.94,0
3.2314909664580886,18,3,4,149,0,1,9.03,1
2.357129482107963,20,4,8,125,0,1,8.09,1
2.508307700792891,18,1,4,60,0,0,11.54,0
3.075810804584616,23,4,2,126,1,0,10.27,0
7.68597100947232,12,6,1,499,1,0,10.48,0
11.132042581618734,13,6,2,75,1,0,13.35,0
15.5427903151115,23,1,0,265,1,0,13.09,0
7.7300481522784885,17,6,4,590,0,0,13.82,0
1.8946531280202563,11,6,3,366,1,1,15.04,1
5.825919673405102,3,3,1,703,1,1,14.14,0
2.8777374668244695,9,3,3,314,1,0,13.5,1
1.4696452012448886,16,0,6,163,0,1,7.15,1
9.190218630952891,3,3,4,724,1,0,8.14,0
0.19592058371878027,11,2,1,568,0,0,12.92,1
11.601810465201861,12,4,1,681,0,2,10.63,0
3.094629674196398,3,4,3,289,1,1,12.22,0
5.069538156672787,9,1,3,532,0,0,10.03,0
5.384556178581311,2,3,7,621,1,2,8.78,1
11.274584490295103,14,0,5,209,1,1,9.65,0
5.062214460021356,1,6,7,296,0,0,9.67,0
4.758729320554361,16,0,3,593,1,1,12.25,0
0.344886003909527,5,0,2,113,1,0,11.59,0
3.653290209946091,7,5,4,439,0,1,8.06,1
0.8135888687831074,2,6,2,185,1,1,12.73,0
6.686259595713725,17,2,6,519,0,2,5.72,0
3.5894736616271414,21,3,3,357,1,0,14.09,1
5.700731733357541,0,6,1,645,1,0,14.26,0
0.21283059708177177,15,0,2,375,0,2,14.09,0
0.4430196733423927,6,6,6,126,1,0,7.26,0
6.299601899914633,2,2,4,666,1,2,11.51,1
0.3740721481731317,22,4,3,212,0,0,10.27,0
0.3696146343450604,3,1,4,356,0,0,11.1,0
0.06091190004897985,8,3,3,595,0,0,9.6,1
15.675132431098946,4,3,4,705,0,1,10.63,0
6.687680215078304,18,5,2,690,0,0,9.64,0
2.178988178668496,14,4,7,407,0,0,8.08,0
1.7586899061504941,7,3,3,116,0,0,8.31,0
2.1516322533344003,5,5,4,703,0,0,14.29,0
7.450580998658252,17,5,6,709,1,1,9.52,0
5.414245088142517,18,5,4,164,1,0,10.81,0
1.0240357755499983,23,3,2,119,1,0,13.75,0
0.9564644072751095,14,3,6,517,0,0,6.6,1
0.5178974559716975,6,3,2,622,1,1,10.84,0
5.398502050167564,9,2,3,118,1,0,12.66,1
7.2275189961185795,5,5,2,322,1,0,12.72,0
1.5397397477679515,13,2,4,475,1,0,9.36,0
0.10583709225807564,16,1,6,428,1,0,10.5,1
0.42872453728468046,8,3,2,543,0,2,13.01,1
17.188275014186715,18,6,2,424,0,2,13.41,0
1.7509428265181268,4,4,6,46,1,0,9.98,1
7.331520216520101,22,0,2,661,0,1,11.04,0
4.89966252744019,6,1,1,271,1,1,13.05,1
2.405845779146629,18,6,6,715,0,2,5.49,1
1.1513900947795177,19,0,4,573,1,2,9.78,1
0.6470504452855058,6,0,4,33,1,0,10.31,1
4.772728142397403,23,3,2,310,1,2,13.65,0
7.450142791704588,1,4,1,562,0,2,14.22,0
5.162778167818544,22,0,4,500,0,1,9.3,0
3.7783281384323617,15,5,5,267,1,1,8.45,1
0.2142829365455452,12,6,5,634,1,1,12.61,1
17.28705764876777,7,0,2,507,1,0,11.81,0
8.015147244221799,5,1,2,118,0,1,12.63,1
1.732364643188236,5,4,3,142,0,1,13.17,1
19.55270286358609,8,4,7,639,0,0,8.24,0
4.6050290223474,3,0,3,171,0,2,11.3,0
4.366427510224252,10,4,5,691,1,2,9.37,1
6.893083141025072,4,1,4,589,0,0,9.78,0
8.350447669219385,16,6,2,80,1,1,12.69,1
5.342529453740248,19,1,0,237,1,0,10.36,0
0.6853783099019248,6,1,4,552,0,1,10.08,1
2.0644694615775414,14,5,0,537,1,0,15.08,0
13.16125753212103,14,3,1,299,1,1,14.05,0
1.2719819393547196,13,0,1,292,0,0,16.02,0
2.3274055470633983,12,6,6,215,1,2,10.87,1
2.8288461335936548,10,4,2,250,0,1,13.22,0
2.893782704616665,12,1,7,110,1,0,8.46,0
4.745872402761159,21,0,4,438,1,1,9.89,0
14.330176918900978,23,6,6,711,1,2,10.21,0
1.3767436213709323,8,6,5,115,1,0,10.65,1
0.6477046900247617,9,0,1,585,1,0,12.45,0
1.0999332594693239,3,3,4,133,1,2,9.07,0
10.89851540550276,16,5,3,313,0,1,11.49,0
5.189620405381139,13,4,5,489,1,2,12.31,0
1.683708889395092,23,5,1,729,1,0,13.42,0
8.462655938873603,17,6,3,490,1,2,11.66,0
9.879733695998477,10,4,5,150,0,1,10.85,0
9.370740639905378,15,6,3,690,1,2,12.56,0
12.56199771637116,0,1,0,381,1,1,14.5,0
1.453372862073077,6,1,2,469,0,0,12.32,1
7.033341104115277,9,0,2,598,1,1,11.38,0
3.0859285392605713,8,4,3,218,0,0,13.61,1
9.225755435367258,2,4,4,579,0,1,9.95,0
6.518794009673784,21,6,4,258,0,1,13.94,0
7.490543769327964,22,5,3,415,0,1,11.91,0
5.337920953421046,13,1,0,160,1,0,14.11,0
0.9766009881197293,14,2,2,200,0,1,13.92,0
3.937585120961023,1,0,2,359,0,0,11.09,0
20.889632975084726,23,4,9,64,1,0,7.95,1
13.853996940037163,13,3,3,230,0,0,11.83,0
0.22066723058793036,15,3,5,197,0,1,10.82,0
0.9005090057537746,6,2,3,538,0,2,10.23,1
0.7062557007634263,3,1,4,540,1,1,9.41,0
6.472769270301935,17,1,2,275,0,2,8.73,0
8.512848903479231,23,1,0,253,0,0,13.09,0
1.2008850417502643,4,5,1,370,1,2,12.18,1
3.524608069197645,5,6,0,599,0,2,12.67,0
9.184925352389019,6,3,2,566,1,1,12.17,0
6.598818093235882,14,1,5,469,0,0,10.13,0
3.9070207247689748,0,3,3,573,1,0,12.6,0
4.462232522850162,23,2,3,651,1,0,12.73,0
3.55004825034203,3,0,2,642,1,1,13.7,0
1.7658942500081025,0,6,1,179,1,0,14.58,1
4.1622990373407776,10,5,3,650,1,0,12.15,0
5.837968155484062,17,4,2,385,1,0,12.51,0
10.330570375537263,13,2,2,562,0,0,14.26,0
5.057010774374272,21,6,3,402,1,0,12.99,0
7.159001897927629,10,3,1,441,0,0,10.24,0
0.8721933524456189,9,2,0,281,1,1,13.65,0
3.09537259333188,16,4,3,43,0,0,7.99,0
0.046877160822280786,3,6,3,244,1,1,7.95,1
1.4163183367893346,23,5,5,565,1,1,8.98,1
6.481568428056429,14,0,2,49,0,0,12.14,1
24.024177204430693,15,4,3,517,1,0,10.75,0
0.5222385485554638,20,6,3,465,0,1,8.05,0
2.5665962836070966,12,5,2,350,0,2,13.95,1
8.048964094508742,8,3,6,81,1,0,7.79,0
1.1410043063078188,10,4,5,386,0,1,10.98,0
4.049359561738078,10,2,3,727,1,1,10.24,0
6.6038684128406775,5,1,1,636,0,2,12.2,0
4.785374185823828,0,2,3,377,1,2,12.47,0
1.0414270031672503,21,3,4,355,1,0,10.1,1
2.1955068526149537,5,6,2,556,1,0,12.74,0
7.6575668744699374,12,0,2,716,1,1,12.95,0
4.039721675980882,21,4,3,248,0,0,8.75,1
0.02621667917122488,23,6,2,551,0,0,13.36,0
7.156265334138119,21,0,1,434,1,1,11.32,0
0.179749386557771,4,3,1,48,1,1,10.98,0
6.84686730676522,14,4,3,609,1,1,10.15,0
1.1312453432593608,17,5,3,323,1,0,13.23,1
15.859183597798928,19,5,3,44,0,2,8.4,0
2.293860706448017,13,6,0,355,1,0,15.3,0
1.9795417215167819,14,2,4,655,1,0,11.48,0
0.8060580416755946,4,6,3,187,0,1,11.75,1
1.8235659317442863,3,2,5,133,1,2,10.49,1
10.463678060883195,1,3,8,627,0,1,7.02,0
28.04373115354528,6,5,3,635,1,1,12.96,0
2.2967788413439005,9,4,2,715,0,1,11.55,0
2.9765703025518473,15,5,5,311,1,0,6.75,0
6.401946856224549,9,2,3,176,0,1,11.45,0
10.86637839731507,17,6,0,543,0,0,15.6,0
4.495255143393083,16,3,4,97,1,2,11.78,0
2.4840029972796573,20,5,1,533,1,0,16.83,0
2.6604322157516864,12,3,1,98,1,0,12.69,0
5.947361343779222,0,5,2,588,1,1,12.08,0
0.016117266761173126,0,6,1,442,0,0,12.73,0
4.8325195944629264,14,0,3,93,0,0,10.05,1
2.1963480586487476,0,6,5,621,0,0,9.05,0
7.904187440553979,5,5,4,266,1,0,8.72,0
0.48801254494928015,12,2,3,425,1,2,7.01,0
4.436114946889184,0,6,3,168,0,0,10.44,0
3.278995809468057,4,4,4,345,1,1,10.85,0
5.140659982373224,8,2,3,695,0,1,12.86,1
0.3352608925534093,16,2,3,452,0,1,10.45,1
4.337309835440721,15,2,2,161,1,1,11.27,1
4.1218016030144025,7,3,3,255,0,1,13.66,0
4.11240946550342,16,1,4,633,1,0,8.14,0
4.625240663537059,14,1,2,502,0,1,12.07,0
5.64228528911877,23,0,8,147,1,0,9.51,1
8.173496550579964,0,2,2,667,1,1,10.98,0
1.5723259306312465,11,1,1,368,0,0,10.13,1
8.716258444056155,4,0,8,448,0,0,11.01,1
3.4483230812980477,23,3,2,464,0,1,14.0,0
0.40094593731684564,5,2,3,208,0,0,13.26,0
0.30167513037528804,0,4,1,491,1,2,13.02,0
2.0341175418012742,0,3,3,626,1,0,12.88,0
7.683190946985041,9,0,6,705,0,2,4.22,0
6.149546920103921,9,3,3,133,1,0,10.73,1
7.770369982367988,2,4,2,143,0,0,14.3,0
3.6414791660759405,16,3,2,729,1,0,9.61,0
2.900869559489516,18,0,2,300,0,0,11.73,0
0.7976319211344142,10,4,4,592,1,0,11.44,1
1.9889190766618263,17,4,3,335,1,0,10.03,0
2.8459770860961657,1,3,1,652,1,0,13.21,0
0.46386935801280865,8,4,5,84,0,0,10.77,1
1.246231109903065,23,6,2,553,1,0,13.0,1
4.559318902293804,16,3,3,463,1,0,10.8,1
6.652654534548504,13,2,3,219,1,1,9.94,1
32.027364403170715,3,4,5,418,0,0,10.79,0
13.523778022021578,16,3,4,696,1,2,11.48,0
5.144011549014362,16,2,6,364,1,1,9.78,1
2.734406549742989,11,4,4,375,0,1,11.03,1
5.055443978899272,19,2,1,294,1,0,13.88,1
7.700763173715464,17,5,4,133,0,1,12.55,0
0.6297223224301701,2,4,2,704,1,0,13.02,0
2.6373577558486443,10,5,2,170,1,2,12.6,1
9.156732559190154,17,0,5,585,0,2,8.95,0
2.421185851424566,3,0,2,268,0,1,15.17,0
4.241668481050225,16,3,2,459,0,1,10.15,1
4.430861412658695,17,1,1,638,0,1,12.79,0
1.0196236897517545,4,5,4,127,0,0,9.78,1
2.248930472744652,13,5,2,490,1,1,8.75,1
2.0361680204431747,9,0,4,594,1,0,11.51,0
0.13272977607334807,14,5,0,650,1,1,13.59,0
0.12244595635265158,0,1,3,286,1,0,11.66,0
8.909948060695697,15,2,6,40,0,0,8.84,1
1.5946310321501753,10,2,3,207,0,1,13.11,1
3.649872968592603,22,1,1,422,1,0,14.96,1
1.7742799503994653,19,5,4,323,0,1,8.6,1
14.123980180792614,5,5,0,426,0,1,17.53,0
1.5007760910029715,23,5,2,418,0,2,11.92,0
2.807585082092952,21,6,4,566,1,0,11.98,0
10.307232165577965,15,3,1,667,1,1,13.56,0
9.223699354910641,1,4,3,295,1,2,11.81,0
1.0295975634528098,0,1,5,162,0,0,11.11,1
8.113712886243968,23,1,2,307,1,1,15.04,0
3.0641707324122747,23,6,1,583,0,0,14.75,0
3.2982609877689626,8,1,5,130,1,0,9.51,1
0.7163502844895132,21,1,1,433,0,0,13.03,0
0.42017821036661684,11,6,2,313,1,1,11.27,1
6.508650507257196,16,1,2,306,1,0,13.83,0
3.43047207298425,14,5,2,168,1,0,13.58,0
2.8710525207056565,18,6,2,250,1,0,11.72,0
6.5375680065751895,21,3,1,98,1,0,15.85,0
7.251773494836926,9,0,2,206,0,1,14.55,0
0.8652721538019974,11,5,3,402,1,0,15.25,1
4.710930064584235,13,5,3,574,1,0,10.02,0
0.7271759976393737,8,4,0,330,1,0,13.8,0
6.959049439136748,12,6,5,257,0,1,9.61,0
5.349470503079719,2,0,7,677,0,2,13.61,0
15.688163929801622,20,1,3,401,1,1,11.62,0
0.3572545375426614,13,0,1,675,1,2,15.73,1
0.29373513412418734,20,3,3,428,0,0,13.67,0
1.6577314679743202,9,2,1,172,0,1,13.03,0
1.517063656781916,15,5,3,166,1,1,11.71,1
1.4183094814786363,6,6,3,602,0,1,12.65,0
11.835862371081546,3,6,1,85,1,2,15.72,0
1.4353859428180331,19,0,5,674,1,0,9.66,1
1.5869258782709739,22,4,4,411,0,0,9.78,1
7.123061267985805,10,3,0,500,1,2,15.86,0
2.9868204943252854,15,2,3,237,0,0,9.31,1
7.496431991292298,19,3,1,667,1,0,13.71,0
0.3380021938096258,3,6,11,664,1,0,7.32,1
3.342967460518684,21,1,0,64,1,0,14.86,0
0.17095762468974915,21,2,4,295,1,0,9.67,0
0.3235097575531596,22,6,3,632,1,2,9.6,1
11.845625590727419,16,4,3,50,1,0,13.97,0
0.7497289952322251,12,2,0,169,1,1,13.65,0
3.8009314053110494,10,6,1,294,1,0,11.4,0
2.647457109592807,2,4,4,429,1,0,13.08,1
2.133520277972683,8,1,7,486,0,0,10.0,1
11.504599685044134,5,4,1,149,1,1,11.1,0
0.11032524677500764,21,3,0,412,1,0,19.03,0
5.450091904163448,20,0,2,564,1,1,11.32,0
16.537774897341833,10,3,4,68,1,1,12.37,0
4.10681430140426,15,6,2,669,1,0,16.37,0
13.809032264595595,18,6,3,51,0,0,13.38,0
0.2683641914791203,4,5,3,596,1,0,12.12,0
2.7132442614864805,13,3,1,76,1,1,10.34,1
1.5065917327534437,16,2,3,568,1,2,15.68,0
6.561892815365702,2,1,2,413,1,1,14.13,0
19.89538089420841,3,5,4,511,1,0,7.97,0
1.482134737918257,15,5,4,77,1,2,13.89,0
5.309106299150158,15,5,2,708,0,0,12.52,0
1.1038420756713982,20,6,1,110,1,0,12.64,0
4.165843710739791,3,0,3,659,1,1,10.46,0
3.1174758408616094,18,4,2,74,0,0,12.74,0
17.878705654540575,16,2,5,304,1,2,11.62,0
4.689197140188667,12,6,3,722,0,0,10.61,0
2.150118883764553,21,1,3,340,1,0,11.86,0
0.6057322178781008,22,6,7,261,1,0,15.16,0
0.8199343186071815,23,0,4,115,0,1,11.75,1
1.2765063757044115,0,6,2,134,1,1,14.33,0
1.444858927806849,11,6,4,206,0,2,8.88,1
9.506177471315553,3,3,3,619,1,1,8.89,0
4.1188174255839725,10,1,3,667,1,1,14.53,0
3.7052932239272174,4,5,6,218,1,0,11.56,0
0.6095325317064895,1,1,2,89,1,0,15.83,1
9.835555820775436,16,1,0,249,1,1,13.84,0
6.4153380593693035,7,3,3,617,0,2,14.11,1
0.35033346359758155,5,4,3,632,1,1,6.49,1
6.152184503012271,20,6,1,145,1,0,14.28,0
3.9212515030869195,8,2,3,499,0,1,13.67,0
0.42629372734834137,12,5,0,196,0,0,12.62,0
3.065220603033512,10,4,2,667,0,0,14.51,0
3.314994092074675,15,0,4,474,0,1,10.44,1
0.9062578881090823,15,6,6,262,1,1,9.04,1
14.56598463699748,1,5,3,143,1,0,11.08,0
9.484779041173425,9,2,3,537,1,1,14.76,0
5.52852195130109,11,6,0,641,0,0,13.09,0
3.1022311983444286,7,0,7,180,1,0,7.25,0
2.6531483587842204,10,3,3,613,1,1,9.89,0
5.263036671570292,9,4,4,399,1,0,10.06,0
3.9420373715189623,12,6,5,378,0,1,10.39,1
0.32148265013563276,16,5,2,196,1,1,13.68,1
3.592352109670177,6,1,0,101,1,2,12.49,0
8.209898941840661,23,2,1,382,1,2,13.95,0
3.07389747566115,2,6,1,40,1,0,14.42,0
0.26677486754224666,19,5,2,667,1,0,10.53,1
7.715400534056185,12,1,2,182,1,1,12.53,0
1.1242486684293702,18,5,3,191,0,0,11.43,1
1.4962154537418513,6,6,2,415,0,1,12.55,0
0.8998597170870082,8,0,3,720,0,0,10.54,0
2.003993052358571,18,1,3,173,1,1,11.33,1
7.068358739082581,12,1,6,168,1,0,9.26,1
3.6634526676202146,21,5,4,235,1,0,14.53,1
1.1463191739354421,7,3,4,125,0,2,10.89,0
10.51171200632744,21,6,1,610,0,0,15.88,0
10.583925255399171,17,3,0,385,0,1,16.83,0
10.223400900512182,22,4,4,500,0,1,8.16,0
1.364270832034604,1,0,2,347,0,0,11.82,1
3.000464482161465,17,3,7,541,0,1,11.23,1
20.995078624649754,17,5,3,48,0,0,11.96,0
7.392321860913893,10,6,1,442,1,1,12.97,0
0.13771639318440762,0,3,1,436,0,1,14.7,1
0.33713793909555256,13,4,4,431,0,0,12.94,1
3.1174654888553146,15,2,3,130,0,0,11.54,0
11.996592748268405,10,4,4,622,1,1,10.24,0
3.8685529300196024,0,1,3,724,1,1,6.87,0
3.44390869524446,6,6,2,47,1,1,12.49,1
0.5573048725830221,15,1,0,184,1,0,13.24,0
5.346919715654812,13,3,1,158,1,1,11.19,0
8.632757253150999,14,3,3,344,0,0,11.19,0
2.3935673098359214,13,4,3,395,0,1,10.77,0
7.471889591691858,20,4,3,491,1,0,11.94,0
16.68782581026049,10,5,1,190,1,0,12.64,0
1.1393137155670654,15,0,6,660,1,1,10.09,1
3.7046503885106787,18,5,2,405,1,0,12.75,0
1.6923368344452694,16,1,2,361,0,2,14.95,1
7.871667216087371,5,5,5,714,0,1,8.93,0
4.308934204698224,10,4,4,694,0,2,14.36,0
5.033572589166379,16,6,4,49,0,0,12.93,1
7.995313597255331,8,5,2,575,0,0,15.37,0
2.520660979608902,17,2,8,601,0,1,8.11,1
12.330821063064828,16,0,5,491,1,0,9.44,0
3.807439187276906,11,4,5,187,0,0,8.92,1
0.8596080579465919,22,6,7,393,0,1,11.9,1
5.95197892248194,21,3,2,634,0,1,14.59,0
7.881499229619774,21,5,2,352,0,0,10.38,0
1.9045577239785516,4,4,3,118,0,1,13.56,0
9.73082490256681,10,3,6,202,0,0,7.55,0
11.829928230155833,3,3,2,69,1,1,13.05,0
1.6210697978523219,3,1,6,232,1,0,10.85,0
20.528485611408694,2,1,6,588,0,0,12.12,1
0.7582529519025276,23,6,4,272,1,1,11.28,0
1.128331581573379,22,4,5,535,0,1,9.73,0
1.0180825013378585,16,6,4,117,0,0,10.89,1
11.221095570920664,6,4,2,698,0,1,14.53,0
5.310811942673517,3,2,2,703,0,0,13.98,0
0.8249881312515189,22,0,6,561,1,2,9.17,1
2.9019809744493594,12,0,5,689,1,1,6.27,0
4.776431677739809,11,4,2,180,0,1,7.53,0
0.43577012666828674,0,1,2,129,1,0,12.85,1
10.703027201711366,20,5,4,276,0,0,8.44,0
8.13809942226804,18,6,3,654,0,0,10.54,0
3.5180766404091806,20,2,3,566,0,0,11.15,0
17.075459615250438,19,0,6,525,1,0,13.35,0
2.704371135146974,17,4,3,318,0,0,11.84,0
20.71042688225587,10,1,4,444,1,1,12.24,0
5.511896858173445,19,1,4,644,1,0,11.81,0
5.034788547467604,2,1,4,108,1,2,5.96,1
0.9073389785331738,16,6,4,414,0,0,10.0,0
10.682293120440278,11,5,5,467,0,2,7.56,0
2.7886226567511265,9,3,0,557,0,2,17.45,0
0.885078722413422,7,6,3,370,1,0,7.96,1
0.06343834561467812,14,5,1,88,1,2,12.36,0
4.102127208569378,4,1,3,666,1,2,11.08,0
3.7475255732925157,3,4,10,573,1,0,4.03,1
6.35329922373547,20,2,3,719,1,2,11.8,1
11.048118028677141,19,5,3,248,0,0,11.52,0
0.4136840009027475,18,4,2,129,1,0,12.73,1
6.574456468802962,20,6,2,132,1,1,13.4,0
1.0376549707763458,3,6,1,659,0,0,13.67,0
9.765879262842791,14,1,4,148,0,0,11.56,0
8.548046073055023,16,2,4,36,1,2,13.02,0
3.8912791714955026,11,0,5,417,0,2,6.7,1
6.193559716560313,2,0,6,507,1,1,10.6,1
1.8869407530569824,9,6,2,551,1,1,10.31,0
3.185421433947308,14,4,2,310,1,2,11.12,0
8.619669529794812,9,2,2,71,1,0,12.64,0
3.0741315921204126,23,4,2,588,1,2,13.22,0
2.214263980932781,22,2,1,125,0,0,14.26,0
3.4081927704243213,17,2,2,533,1,2,10.51,0
8.80855497633712,0,6,4,275,1,1,14.06,0
2.0414057023216685,2,4,4,253,1,2,9.96,1
0.954359594706478,20,6,3,143,1,2,10.16,1
6.224217408676418,11,2,2,573,1,2,9.86,0
8.742873866424489,0,5,2,359,1,1,9.66,0
0.5303453804904421,2,1,2,532,1,2,9.6,1
1.3713560915406764,2,2,1,182,0,1,13.83,0
0.7655926703041758,4,5,2,246,0,0,13.61,0
2.1381043077802806,18,2,3,518,1,1,9.87,0
2.992376739601061,0,5,2,301,0,0,10.12,0
6.908053472419113,3,4,3,429,1,2,11.18,0
5.2655316276775075,3,0,5,379,0,0,10.19,0
4.850153076744655,16,3,5,451,1,2,10.53,1
2.172216857034855,13,2,1,290,1,0,11.27,0
9.208349225171542,17,3,3,548,1,0,11.27,0
3.1865492202196304,0,2,6,293,1,2,12.33,1
19.341212082974454,21,4,3,347,0,0,9.21,0
5.027551885048863,15,4,3,145,1,0,11.54,0
0.6748892859051263,2,5,1,241,1,1,14.2,1
5.637799722553777,22,2,2,189,1,0,10.46,0
1.965983484598051,20,4,0,506,0,1,15.22,0
5.797024320124432,8,4,2,670,1,1,9.72,0
0.3609245253477216,22,2,4,177,0,2,12.07,0
0.9611409522956076,3,5,5,476,1,0,10.09,0
9.680595255090651,20,5,6,107,1,0,6.36,0
1.2885427165339245,4,5,6,291,1,1,10.58,1
9.07128706056416,10,5,6,81,0,0,7.41,0
1.6374956968937364,20,0,3,287,0,0,11.29,1
5.148443838751175,8,2,3,580,0,0,12.86,0
5.923311842148193,2,6,5,277,1,1,8.07,0
3.5939124064427475,5,0,2,317,1,2,11.34,0
1.8214527509449105,23,4,4,283,1,0,13.05,1
1.195376300823429,10,0,4,657,0,0,6.66,1
0.1687630960528036,8,6,4,243,1,1,13.64,1
1.8116430595060464,14,6,5,121,1,0,7.07,1
5.2944987304611,22,6,4,573,1,1,9.4,1
13.92774722954687,2,5,6,634,0,0,9.76,0
10.247646330481997,0,4,3,261,1,0,12.81,0
7.26355512373689,19,0,0,672,1,0,14.6,0
7.766406717068507,21,0,2,42,1,0,12.49,0
5.467898419608366,18,2,5,562,1,2,9.13,0
1.5074640664863508,13,0,1,474,1,2,16.32,0
11.886275460975453,16,4,2,532,0,1,13.95,0
5.554421087100344,21,5,7,555,1,1,10.75,1
4.109912439431902,13,2,2,648,1,0,11.56,0
0.5882309894213232,16,0,5,435,0,1,5.34,1
2.9624886169196856,13,2,4,669,0,1,12.84,0
3.0842491240149776,11,3,2,573,0,0,13.11,1
9.996265959284822,15,2,2,710,1,0,12.77,1
3.955434494928822,0,6,1,317,0,0,12.07,0
2.3934102822378924,12,5,0,455,1,0,13.3,0
18.818085801761693,5,6,2,465,1,1,11.2,0
0.5867189981337926,16,3,3,110,0,2,11.69,0
2.745653493256675,11,6,3,517,1,1,9.33,0
0.21466629153440706,22,3,2,211,1,0,13.93,1
6.733524748315729,18,2,3,387,0,0,15.67,1
12.50985015581939,5,4,2,284,0,0,11.2,0
1.6427795745700968,6,5,5,195,0,1,6.81,1
9.771686477564147,0,4,2,494,0,0,12.2,0
1.7280973395914967,0,5,3,285,1,0,12.23,0
12.082698923069854,4,5,1,452,1,1,14.11,0
7.011344458060847,5,6,4,227,1,0,14.01,0
8.171388835882192,15,6,0,242,1,0,15.63,0
0.09085323207082231,15,4,1,586,1,0,9.58,0
16.458624862181985,13,1,6,554,0,0,6.73,0
6.485395260823416,0,3,3,81,1,1,12.41,0
1.8174268069886148,12,6,4,294,1,0,9.89,1
8.842011858024538,19,6,5,354,0,0,13.03,0
1.6530953880365957,9,6,8,584,1,0,5.73,1
10.308158987072083,23,2,7,36,1,0,10.32,0
0.597186712405471,9,4,3,73,1,2,10.3,1
6.081677500220933,8,4,3,201,1,0,12.12,0
3.8902418548362765,12,6,1,131,0,0,11.54,0
0.5075866076325476,2,2,7,609,1,1,9.52,1
1.3846591744415069,17,6,8,663,0,0,9.75,1
0.0624080423751401,19,3,1,618,1,1,13.71,0
3.1627818833014096,1,2,5,325,1,0,13.82,0
1.7924204741859722,16,6,3,234,0,2,10.16,0
4.56096425207786,18,5,5,520,1,2,10.2,0
1.7636835997261835,22,1,2,347,0,1,14.09,0
1.7827969781233706,12,5,3,200,0,1,9.7,1
6.797156114135131,12,1,4,247,1,0,10.92,0
0.24670146619977681,0,2,6,530,1,2,10.53,1
11.659811810955894,1,5,1,222,0,0,15.06,0
9.561637658070381,0,3,7,362,1,0,10.68,0
5.51016089756706,23,5,3,182,1,0,9.86,0
4.497433200381701,4,4,4,582,0,0,11.38,1
11.142144452215279,23,1,6,52,1,1,6.57,0
1.0248618804199439,2,1,2,727,1,0,10.95,0
0.4113088016205121,6,6,0,245,1,1,13.65,0
1.3689627001715945,23,3,1,72,1,0,15.49,0
7.91345117931367,21,1,4,390,0,2,11.86,0
0.17642771747663252,12,1,3,654,0,1,11.68,0
4.371029696097835,22,6,3,443,1,1,12.5,0
26.94944054430042,17,3,4,447,0,1,11.84,0
9.679168719178845,23,5,5,651,1,2,10.74,0
3.684927860044089,20,2,1,679,0,0,12.05,0
0.32878116076265756,6,5,7,646,0,0,6.49,0
8.900345771633697,0,4,6,345,0,1,8.75,1
4.568701287718527,4,4,2,681,1,1,10.81,0
0.6104596365140864,16,1,3,459,1,0,12.84,0
0.4927923153723075,7,4,4,528,0,0,13.86,0
12.019038653921694,14,2,1,378,1,0,14.33,0
5.531210553440255,19,1,4,104,0,0,7.18,0
8.838851597612024,3,6,7,262,0,2,7.13,1
10.558951853774708,1,4,1,599,0,0,13.24,0
4.240501685324601,4,6,3,67,1,1,8.73,1
3.6433158815578937,0,0,1,291,1,1,13.26,0
2.8143452104728715,4,0,4,475,1,0,11.74,1
1.9059111005669158,5,0,4,241,0,0,13.62,1
2.851073449415669,1,6,2,487,1,0,16.04,1
7.43343962333363,0,0,6,679,1,1,6.82,0
4.605554539085551,3,5,3,311,0,0,11.37,1
11.15240552814668,6,0,4,599,0,0,10.59,0
2.92936261960972,21,1,2,594,1,0,10.97,0
4.6708681438264446,0,3,5,235,0,0,10.2,1
4.9889622984546325,0,5,3,34,1,0,11.44,1
4.478730653297564,7,3,4,648,0,0,12.03,0
6.063954062764889,19,1,3,272,1,0,14.31,0
1.3553275985830637,15,1,3,177,0,1,11.86,1
3.5909279845120694,20,2,6,720,0,0,8.22,0
0.5503289673916542,12,5,1,715,1,1,11.15,0
2.4266936874952982,22,3,4,352,1,1,14.88,1
3.343903043343766,23,0,1,416,1,2,15.01,0
5.280987154596442,22,1,1,422,0,0,14.0,0
15.032050656159715,17,0,4,680,0,0,10.47,0
4.589598621665501,19,3,3,716,1,2,14.82,0
6.80496413178296,9,6,1,279,1,2,12.88,1
3.5287924442783862,11,5,2,457,1,0,8.98,0
5.027031123587008,0,4,2,398,1,0,12.93,0
0.3678678924806502,9,6,2,677,1,2,9.94,0
1.4677736194256954,8,6,3,476,1,0,12.14,0
2.2459338035474525,2,4,4,51,0,2,13.49,1
3.1979690828360434,18,1,7,579,1,2,5.05,0
0.23361742001170605,8,2,2,568,1,0,10.6,1
0.754254552689986,9,0,7,311,1,2,10.13,0
1.6204462705167058,18,1,0,308,0,0,13.0,0
17.794994496157955,15,2,3,149,0,1,12.43,0
2.01245024322056,23,0,6,282,1,0,10.03,1
3.2892965131437553,17,3,2,506,1,0,14.18,0
1.091387752228215,13,6,1,94,1,1,11.91,0
4.7180536256995795,2,6,2,615,1,0,7.3,0
1.6472671395570604,1,4,6,332,1,2,9.99,1
1.159613492746251,0,2,3,346,0,0,8.46,1
3.634270946622103,17,0,2,203,0,0,14.27,0
0.02760505968654886,23,1,6,444,1,0,9.12,0
0.03846776135200151,8,0,3,289,1,2,11.01,1
1.236341184337153,12,1,1,314,1,0,14.58,0
0.18706282919097914,1,6,3,102,1,2,8.12,1
0.5715900958138311,6,4,4,108,1,0,10.4,1
2.0689532170251543,15,4,5,73,0,0,10.9,0
8.112253047128231,20,0,5,32,1,2,10.51,1
4.243728712956564,18,0,1,472,0,0,12.22,0
3.594045504940313,14,1,2,108,0,0,11.44,1
1.7370812851832371,21,1,7,406,1,2,11.49,1
13.42316171793108,10,2,3,722,1,1,13.43,0
2.5293151328733416,0,6,3,168,1,1,10.27,0
0.4556050505828779,20,2,2,36,1,2,15.1,1
4.79946988104977,6,2,2,542,0,1,13.91,0
0.6042797243533146,19,0,2,725,0,2,13.38,1
2.117303887116328,7,5,4,106,0,1,11.85,1
3.5404101485987303,9,5,6,72,0,1,6.91,1
10.366205011494582,4,5,10,186,0,0,9.01,1
3.401614623279765,8,5,3,559,0,2,13.5,0
6.057652560462551,0,2,3,249,1,1,12.09,0
24.68007870989055,1,0,2,614,0,0,12.89,0
0.7048758295799078,18,5,2,219,1,1,12.22,1
1.6060669152345084,13,4,6,291,1,0,8.06,1
2.509131824182375,19,3,1,173,1,1,14.27,0
2.73942092760732,9,4,4,514,1,2,9.21,0
2.646824387031414,8,0,6,670,1,0,9.5,1
11.908736913559572,9,0,2,307,0,2,12.59,0
6.259388080847127,5,3,3,692,1,0,12.37,0
4.681258338158763,16,1,1,336,1,0,15.08,0
1.8507749491469943,5,1,5,636,0,0,10.81,1
8.680404969388556,3,1,1,579,1,0,14.59,0
15.51219196899078,19,2,3,185,1,1,7.72,0
8.607389054325331,2,1,3,329,0,2,12.52,0
0.007831656240208741,22,6,4,376,1,0,10.95,1
5.058523425335606,18,2,2,452,1,0,13.14,0
0.2624457374752228,17,2,2,455,1,1,11.34,0
1.4893841161123782,23,1,4,71,0,1,13.1,1
0.30684946790983153,3,1,0,345,1,2,14.5,0
4.62912334064396,7,3,3,667,1,0,10.11,0
5.801213827223802,16,5,3,106,1,2,10.46,1
0.607944307284065,4,3,7,125,1,0,10.21,1
2.4212339807468024,12,2,3,292,1,0,11.43,0
3.0462044288539465,0,3,2,652,0,2,12.39,0
2.302667240593697,12,2,2,234,0,0,12.0,0
0.6449941183205865,3,0,1,317,0,1,15.22,0
2.714573320919404,21,2,1,292,1,1,14.16,0
6.955088448640369,23,2,3,617,0,0,9.23,0
0.36827395253618056,13,3,2,684,1,1,10.45,0
0.41788647782379895,2,5,3,344,0,1,11.61,0
2.190752193682152,4,0,6,398,1,0,7.91,0
14.212971527639205,6,4,2,626,0,1,8.08,0
5.521733194204588,0,4,3,281,0,2,10.11,0
5.676432558498414,22,5,2,362,1,0,11.84,0
2.246457986449028,11,4,3,455,1,2,10.8,1
4.502834892867231,10,0,1,324,1,0,14.64,0
0.05091426876271543,23,1,1,671,1,0,8.73,1
5.054326549630213,7,0,1,314,1,1,11.66,0
12.225754297699062,5,3,1,346,0,0,14.79,0
4.741145219464216,21,6,3,541,0,2,10.26,1
10.345420566187718,1,2,6,58,1,2,6.78,1
6.436283964535804,18,2,5,323,1,2,8.64,1
0.6423406851299852,19,3,3,36,1,1,12.49,1
11.63712057990887,19,3,3,571,1,2,11.09,0
0.3437708089506855,23,6,4,244,0,1,9.35,0
3.8174992294642345,13,6,2,656,1,1,13.36,0
0.766555051037578,0,2,3,244,1,2,12.35,1
0.05887836307241012,9,6,5,193,1,0,7.47,1
2.741203428218688,15,6,6,199,1,1,9.39,0
1.7480760959518882,3,6,1,250,0,0,10.6,0
3.327664871115796,10,5,4,289,0,2,13.14,0
4.304278785462037,15,1,3,290,0,0,14.06,0
0.2236223312795628,19,6,4,671,1,0,10.22,0
0.6562602194234074,0,1,2,646,0,0,14.53,0
4.089499198641233,15,1,5,595,1,0,8.49,0
2.1016300809552897,18,3,1,649,1,0,12.92,0
6.531384192807291,20,6,4,501,0,1,9.63,0
5.2819561062585505,21,2,5,284,1,0,9.95,0
9.341184497486841,8,5,1,307,1,1,13.33,0
5.896284320513487,8,2,1,588,1,0,13.19,0
2.809990043020031,8,6,4,675,1,0,10.62,0
5.588465205528075,16,2,1,53,1,2,13.45,0
1.6105475999006464,11,6,4,462,0,0,13.31,0
1.8286757394049724,12,5,3,658,0,0,7.58,0
7.779134079251586,7,0,4,507,0,2,14.64,0
2.956740644578377,15,5,5,523,0,0,9.3,1
8.006861151346733,17,0,4,411,1,0,10.64,0
8.641737171109364,0,4,3,403,0,0,14.26,1
9.744254161289728,0,0,5,582,1,0,11.21,0
12.422647754965885,11,1,6,352,1,0,10.27,1
2.8192443534990463,5,1,4,118,1,2,13.29,0
1.919987120715736,8,5,2,121,1,0,12.07,0
4.3637471492504165,22,1,1,406,0,0,15.04,0
2.31949091486295,4,1,1,110,1,2,10.68,1
4.5948988053763165,15,4,1,671,1,0,14.04,0
6.1138393618473055,17,1,2,632,0,0,13.52,0
5.830255353370436,16,3,2,129,0,1,14.69,0
2.3464425212038993,17,3,3,619,0,0,13.02,0
0.9127691290240819,0,3,5,584,1,0,10.41,1
2.815240067989305,18,0,4,152,0,1,10.16,1
0.7692194749305026,21,5,2,425,1,2,11.74,0
11.040787202685333,7,5,4,52,1,0,10.16,0
2.1223028808697,2,2,3,685,0,1,9.0,1
0.8388975176259995,4,4,1,548,1,0,16.69,1
0.1288857719833833,22,3,2,306,0,0,14.4,0
5.189783790103037,7,3,1,727,0,0,13.71,0
5.0654169149841,18,1,3,124,0,0,13.23,1
2.082156335553708,17,3,4,411,1,0,12.31,1
0.3720656488813726,17,1,7,406,1,2,6.41,1
2.635019740558731,20,1,4,54,0,2,12.07,0
1.8641486276414165,0,2,2,320,0,1,14.94,0
5.652382615793508,14,0,2,256,1,0,11.04,0
4.654221230029178,17,1,3,202,1,1,8.53,1
2.2674534327944587,6,1,3,676,0,1,9.28,1
1.2288157461212414,15,5,1,482,1,0,13.01,0
22.12925154682265,15,2,3,317,1,0,9.16,0
3.0256963623264688,14,1,3,98,0,0,11.26,1
5.828157192596624,5,4,3,310,0,0,10.29,0
0.7573304104734127,8,0,3,371,0,0,11.6,1
3.323670411344603,6,4,3,362,1,2,10.58,0
0.13961481211462656,13,3,5,415,0,0,9.93,0
3.5205868473535102,10,0,3,371,1,0,12.81,0
16.623599942560745,20,3,2,346,1,2,10.48,0
2.4242197239737098,15,5,4,336,1,1,11.36,0
0.19888360387391568,5,6,3,202,0,1,9.9,0
0.15722522362918268,21,6,1,573,1,0,13.19,0
2.4550068131504075,15,6,1,229,1,1,13.04,0
0.8719153692556543,19,1,4,621,1,0,11.51,1
0.1181453854060028,15,2,3,104,1,0,11.97,0
7.057314520714552,11,4,2,626,1,1,14.88,0
3.0672735222690766,16,3,5,246,1,1,9.95,1
1.707135864146678,4,1,7,662,1,0,7.14,1
11.517086346607716,12,6,1,561,0,1,15.06,0
0.6172771174893266,7,4,4,478,1,1,11.46,1
15.608612740704872,23,4,2,690,1,1,14.17,0
1.8841456774526313,4,5,3,36,0,0,11.36,1
10.96433567784054,11,5,2,422,1,2,9.78,0
4.618375603423861,8,6,0,627,1,0,18.49,0
8.76386775688192,2,3,3,415,0,0,10.39,0
20.679947980001412,2,6,4,530,1,0,8.48,0
1.7012348244930584,0,6,0,176,0,2,15.43,0
16.238368329798273,21,1,0,345,1,2,12.11,0
2.467236648458109,17,2,1,483,0,0,12.42,0
2.434828616049801,23,6,3,216,1,1,11.85,0
2.080510688152398,11,3,1,354,0,0,12.91,0
3.897967484469401,8,4,2,347,0,0,11.67,0
0.837036899559433,8,4,5,423,0,2,13.18,0
4.033948211457837,17,0,3,408,1,0,11.38,1
3.901208940447564,17,6,5,503,0,0,8.2,1
7.175360691532479,6,1,3,729,1,1,13.55,0
8.968305238542268,3,0,5,47,1,2,8.55,1
2.9030346577253274,12,5,4,178,1,0,10.58,1
1.8000686241447332,16,2,7,587,1,0,6.59,0
1.5010335452106864,23,3,2,41,0,0,12.82,0
1.0822291355506095,1,6,4,491,0,0,10.88,1
0.29687978904190404,13,4,2,654,0,0,12.34,0
2.096156992084949,2,1,3,189,1,2,11.9,1
1.5752505335258449,4,4,2,724,1,0,14.04,1
16.968733912148302,13,6,1,596,0,1,14.61,0
4.078934248270577,2,5,8,295,1,2,5.52,1
2.1330124775855044,22,0,2,576,0,1,11.05,0
4.343072618112863,6,6,1,109,0,0,15.05,0
0.7494462875107238,17,0,5,547,1,1,8.43,1
2.935328367214515,12,3,3,668,0,2,12.58,1
4.920631028910057,22,1,1,97,1,0,14.88,0
3.3559288548973756,21,5,1,273,1,0,9.92,1
2.56897347427876,9,1,3,38,0,0,10.79,1
25.455206319712303,12,3,5,186,1,1,11.63,0
10.614450001233983,15,5,1,612,1,0,12.91,0
4.8829374190340396,8,5,1,493,0,1,12.39,1
4.212615601905684,1,0,4,675,0,1,12.46,1
4.846618216599771,22,0,5,329,0,0,12.21,0
1.1239251629289253,4,0,5,349,1,1,8.64,1
2.513772608450984,21,4,6,278,1,0,12.73,1
0.20129583182880106,16,2,4,352,1,1,7.23,0
3.2269881452178977,22,6,0,585,1,1,10.99,0
3.9156284187648724,21,0,2,657,1,1,11.49,0
1.2922330272947287,3,2,3,491,0,0,10.93,0
16.62518985949888,16,2,5,427,1,1,9.42,0
12.009520086993215,8,1,1,422,0,0,12.13,0
6.403247667618976,19,3,4,257,0,0,9.35,0
3.8112713153296625,1,4,3,598,1,0,11.16,0
10.199918115913103,23,2,3,273,1,0,10.42,0
0.7000608453811547,17,6,7,86,1,0,9.76,0
7.815391457141175,20,4,5,172,0,0,10.06,0
0.6666331477601193,21,1,1,221,1,0,12.76,0
7.904511335870843,10,0,3,548,1,1,11.46,0
1.6132144989567132,12,5,5,433,1,0,12.23,0
10.481538129752245,7,2,5,304,1,0,9.03,0
14.415777731750818,0,3,6,675,0,0,6.65,0
0.8055171260730478,16,5,2,68,1,1,10.45,1
3.105766397295583,11,1,4,222,1,1,10.33,0
19.813261065714855,3,4,6,356,1,2,10.16,0
3.302503962436906,20,6,1,512,0,1,14.96,0
9.958894376326063,12,0,1,54,0,0,16.5,0
4.4425452346212495,8,4,1,131,1,1,14.68,1
2.352658106401821,6,3,3,692,0,0,9.83,0
1.6828460953003797,22,2,4,246,0,0,10.39,0
1.135902764541932,23,3,2,296,0,2,8.07,0
7.173185146084777,4,4,2,191,0,0,11.78,0
2.4432052140118796,4,4,3,316,0,1,10.39,0
3.5797813280703106,16,5,5,707,0,2,5.37,1
3.3895737270445454,8,3,5,276,1,0,14.22,1
4.305214805867751,5,3,2,203,0,0,11.64,1
10.033824089565735,18,3,5,425,1,0,5.79,0
19.748453956678414,15,0,1,38,1,0,12.65,0
2.6177327012433342,20,6,1,477,1,0,16.5,1
8.787338709486766,1,4,4,600,0,2,14.61,0
7.230811982512932,9,1,3,626,1,2,11.72,0
4.2610539792233135,15,0,4,691,1,1,10.99,1
15.623188325989673,4,0,4,350,0,1,13.25,0
1.1186843585222508,14,0,5,601,1,0,9.7,1
0.5785371390988225,12,5,0,154,0,1,14.92,0
9.619440954463931,12,6,6,70,0,0,10.88,0
2.8915073097373822,12,6,3,366,1,0,9.45,0
9.385569055162966,14,1,4,714,0,0,13.87,0
11.178849196435586,13,3,1,355,1,1,11.44,0
0.322466443437917,7,5,1,714,1,0,11.93,0
10.747807940351615,10,4,3,215,0,0,11.8,0
2.9739269933421237,17,2,6,270,0,1,11.08,1
3.571164541230529,23,5,6,368,1,1,10.55,1
4.92542496042651,3,2,2,123,1,0,12.3,0
13.044369797823878,9,4,7,445,1,0,8.97,0
0.09650584682792922,0,1,1,92,1,2,15.35,0
3.2393728196891165,4,6,2,549,1,0,12.42,0
5.8193079906682925,12,2,4,238,1,1,9.18,0
6.4134020877255224,0,0,3,238,0,0,10.39,0
5.896928328555539,22,5,7,405,1,1,10.22,0
0.7218647779765466,7,2,2,114,1,1,10.78,1
1.7790593565488702,2,4,1,236,1,2,10.06,1
2.2214106120466734,2,6,1,376,0,0,12.59,0
8.159368813932607,6,0,6,694,1,0,9.05,0
1.63391574588316,3,2,1,190,1,2,14.92,0
1.1830754561812427,2,6,1,479,0,0,10.28,0
15.78514434475004,14,4,1,145,1,2,13.89,0
0.044513988361426185,7,1,3,391,1,1,13.9,1
30.644114969520434,2,4,4,280,1,0,9.17,0
5.647749272183766,6,1,2,212,1,2,12.56,0
8.81496508219185,17,6,3,705,0,0,7.3,0
1.745088792524603,10,6,4,357,1,1,12.55,1
0.0720936486900576,10,0,3,621,1,1,13.19,1
6.694564392173502,16,4,3,36,1,1,11.56,0
8.983194682467005,5,3,2,628,0,1,9.75,0
6.744533017740471,7,5,3,549,1,1,12.93,0
0.7707134085511085,0,3,4,416,1,1,10.31,1
7.000504618021271,9,3,3,399,0,0,6.04,0
7.325016738640082,18,3,3,577,0,1,13.16,0
5.372631236659405,2,5,2,641,1,0,14.73,0
7.264648628462066,3,3,4,108,1,0,13.48,0
9.351463373394024,10,1,4,250,0,0,8.25,0
4.754464121564652,14,4,2,628,1,0,8.57,0
0.4638928619745787,0,6,6,599,0,2,8.38,1
3.343519918938111,8,0,1,441,1,1,14.24,0
0.40414898287162665,10,3,3,508,0,2,9.71,0
2.6173851741266763,18,6,3,711,0,0,8.42,0
2.6137023652531557,12,3,4,126,1,1,12.25,1
0.3414469028677538,15,0,4,687,1,0,10.11,0
2.1448499864969035,3,0,6,422,1,0,10.45,1
0.5882795243903626,0,3,1,497,0,2,13.23,0
8.257428550377401,19,1,4,400,1,0,10.47,1
14.752649925309992,12,6,2,422,0,0,12.27,0
0.3753231686622788,0,0,4,47,0,0,10.08,0
15.518281170343428,4,4,5,213,0,1,9.08,0
3.6967577469438058,4,6,4,172,0,1,8.6,1
1.7802733813930103,13,4,2,492,1,0,13.37,1
0.3998831236978604,22,6,5,536,0,0,12.5,1
3.471982483856968,13,1,2,363,1,0,11.4,1
7.9119244509880895,7,5,5,91,1,0,13.73,0
6.139389288918249,3,2,1,192,0,2,13.95,0
0.2576561474802323,6,1,2,581,1,2,12.92,0
0.3784791202912624,19,3,4,208,0,2,12.11,1
2.5781296560804385,18,2,2,264,1,2,14.35,1
1.749848046900245,14,3,3,89,1,2,10.69,1
1.3223304586627975,21,4,1,257,1,2,14.31,1
1.649500892277558,3,0,4,268,1,2,12.89,1
8.13502515578358,18,6,1,597,0,2,12.44,0
13.24146297271714,8,3,2,113,0,0,12.41,0
2.596832420887668,20,4,0,70,1,0,12.47,0
11.82821034121445,12,1,1,467,0,1,12.21,0
1.9393223202862477,13,3,3,558,1,1,10.9,0
3.235489429947621,22,4,4,134,1,1,8.99,0
1.2811043548639431,13,0,0,566,0,1,13.87,0
5.114872309857724,21,6,8,411,0,1,8.26,1
19.31166983988161,9,3,3,122,0,0,12.46,0
4.62530912905048,15,5,3,244,1,0,9.98,1
2.214387143033421,4,4,3,725,0,2,10.39,0
5.218028092377419,22,3,1,246,1,1,14.9,0
0.6557892212615534,5,0,4,518,1,0,9.58,1
10.975792178331531,1,6,3,180,0,2,13.25,0
3.496670911016173,12,3,3,403,1,0,10.14,1
2.983277059530509,12,3,3,660,1,0,12.35,0
4.407813802699802,18,6,3,478,1,0,13.1,0
4.901265265759135,17,5,2,451,1,2,7.1,0
0.37240993627832486,18,4,2,675,0,1,14.14,0
5.7382336476219,0,2,3,236,1,0,14.21,0
1.3849088294575522,7,6,3,699,1,2,10.98,0
6.2579893063476675,21,3,5,506,0,2,10.69,1
8.644903569908596,15,2,1,617,1,1,11.52,0
8.147144729977397,1,1,1,593,1,2,13.93,0
4.020404515374513,7,3,3,255,1,1,16.52,0
3.671615900233151,5,2,2,635,0,1,8.01,0
0.7708631748212545,15,1,4,719,1,0,9.8,0
7.465972538187141,22,5,3,416,0,0,13.19,0
1.5832163455430326,10,4,3,135,1,0,14.12,0
3.432798854498613,16,3,1,105,1,2,10.44,0
1.6722899833187106,22,4,2,545,1,0,11.12,0
0.718360974536481,18,1,5,216,1,0,8.84,1
4.965287867379612,10,4,2,561,0,0,11.09,0
0.27931879862958187,7,4,3,304,0,0,11.37,0
6.904449639590402,21,6,2,677,0,0,9.54,0
1.9105996627694828,3,0,3,568,0,2,11.09,0
0.0006735103820133685,10,1,1,677,1,2,11.33,1
3.5782845640222263,7,4,4,47,1,2,10.66,1
0.23992496180626088,8,2,2,314,0,1,10.99,0
1.6159905495488984,1,1,3,331,1,2,11.26,0
6.137512127966616,15,0,1,528,1,0,11.13,0
0.32370402329413395,5,3,1,679,0,1,15.11,1
9.142277821073932,20,5,1,286,0,0,12.55,0
0.019136185981980285,20,4,3,248,1,2,11.63,0
1.4172808654574776,18,2,0,673,0,0,13.71,0
6.752784231555521,7,0,2,386,1,1,12.41,0
1.9009619755987486,13,1,2,285,1,1,12.4,0
0.5373269137189676,23,5,3,637,1,1,13.21,0
2.23326333782404,15,5,5,303,0,0,9.43,0
1.5762481924437801,11,4,3,363,1,1,10.16,1
9.248380685685145,4,0,5,397,1,1,10.08,0
1.8796377264691988,23,0,5,44,0,0,8.77,0
7.777885788656754,23,2,1,208,0,1,13.05,0
11.122204538520142,18,3,5,474,1,2,7.9,0
2.8441933627164815,17,3,3,432,1,2,13.7,0
12.036570365805982,8,6,0,117,1,0,12.44,0
2.3685970527975804,1,3,4,123,1,0,13.2,0
16.63208476084358,19,6,2,424,1,0,12.28,0
0.46765120906180757,11,5,6,57,0,1,10.91,1
5.808068223299942,1,5,1,726,1,2,11.67,1
3.404255841155766,9,1,2,104,0,2,8.47,0
2.4522465688125656,0,5,1,83,0,2,9.9,0
5.008043337026638,3,5,2,350,1,1,17.41,0
6.084565713175621,11,0,4,588,1,1,9.6,1
0.021864082458732063,8,1,5,263,1,0,12.19,1
0.913326611856045,3,0,1,659,0,0,10.6,0
6.242167656343332,8,2,6,259,0,2,9.56,0
5.488844425837361,5,6,7,361,1,1,9.1,1
16.913964705202705,0,6,2,723,0,0,18.07,0
7.157249288783703,9,2,2,501,0,0,11.76,0
15.056535441884396,13,6,6,346,1,0,7.78,1
6.062386014385437,21,1,4,130,0,1,11.5,0
1.7694812450163242,17,1,5,277,1,2,8.15,1
0.5566968910601795,5,5,2,509,1,0,13.22,1
7.612262880572404,17,6,1,654,1,0,13.09,0
5.166218987260125,19,2,5,250,1,1,8.49,1
0.24692827225770997,15,4,6,368,0,0,10.19,1
2.231829793538785,14,3,3,177,1,0,11.82,0
15.709552562720573,15,5,2,325,0,0,13.92,0
3.4697489699417523,7,3,2,436,0,0,15.7,0
2.8345918753627455,12,2,4,610,1,1,9.8,1
3.0596759852499944,22,6,5,507,0,2,9.18,0
1.1715452962629789,10,6,4,53,0,1,8.11,1
2.2999272627958507,6,3,7,215,0,1,9.44,1
2.308695422260187,16,4,2,199,0,0,11.11,1
0.26887670368048905,17,6,3,573,1,1,12.29,0
7.295779858065249,21,4,4,467,1,1,13.13,0
2.693592113318849,22,0,2,330,1,0,11.03,0
8.63491419891449,18,1,2,717,1,1,11.45,0
9.497213438694287,12,3,3,393,0,0,13.63,0
1.1912482217703124,14,6,1,206,0,1,14.61,0
5.355279617356548,22,4,2,173,0,1,13.6,0
3.195964288803716,21,6,3,552,1,1,10.82,0
10.607852696511799,21,1,3,510,1,2,8.73,1
1.2150777348314863,0,1,4,521,1,2,9.38,1
5.6631188919172235,15,0,6,515,1,2,7.18,1
4.679306489215451,4,1,2,688,0,2,13.56,0
1.7499259769507949,2,1,5,514,0,0,10.57,1
0.7343912124034377,22,5,2,466,1,0,11.2,0
5.272590817927142,9,2,2,224,1,0,11.54,0
6.7084687689273546,18,6,3,495,0,0,12.55,0
1.8962634533008838,4,0,4,105,1,0,10.16,1
5.175830313402491,6,0,3,189,1,2,10.44,0
2.5137161029068373,13,3,4,519,1,1,14.76,1
6.2449708541637525,2,1,4,129,1,1,9.7,0
1.110815628530355,12,3,5,145,1,0,11.34,1
11.046156976364959,12,5,3,409,0,1,12.39,0
1.6942424636730937,9,4,2,624,0,2,9.35,0
2.2926365759416947,1,1,5,92,0,0,8.64,1
0.2992381142185304,5,4,4,161,0,2,12.44,0
0.5911718817835567,7,2,1,277,1,0,12.94,0
3.6269254399420303,3,5,0,424,0,2,11.07,0
1.5570923361286229,11,1,3,672,1,0,12.39,0
9.023622538735031,14,3,5,440,1,1,8.84,0
0.07401202847220853,7,3,4,457,1,2,11.67,1
2.3828782782735356,6,1,9,699,1,1,12.18,1
2.057508056708215,13,6,1,355,1,1,13.96,0
0.09758425834938557,22,3,2,575,1,1,13.62,0
0.6640491165229435,18,6,3,404,1,0,11.09,0
2.669129527378727,13,1,7,327,0,0,6.16,1
3.39488609616996,21,0,4,308,0,0,12.85,0
2.5900044161986098,12,3,6,325,1,0,7.99,1
3.785098187566613,20,6,3,556,0,2,11.14,0
4.520966939817584,0,1,4,144,1,2,14.39,1
0.049866952290763586,18,1,2,522,1,0,11.72,0
3.1189933498330946,0,6,1,86,1,2,15.63,1
16.55211110504819,3,3,1,171,1,0,13.97,0
3.6597756079241277,9,0,2,681,0,0,11.29,1
5.658916066119483,2,3,1,648,0,1,13.88,0
1.8688428984494019,19,1,3,438,1,0,10.17,0
7.435910653354988,8,0,1,107,1,0,15.01,0
7.4122971324483995,2,4,2,31,1,1,14.89,0
3.683364631013783,5,2,2,64,1,2,12.5,0
18.651387922679223,5,3,2,424,1,1,15.08,0
0.6708020364218745,22,5,5,247,1,0,10.32,1
0.085464600292336,11,1,2,96,0,0,14.23,0
7.351820419798914,22,0,5,98,1,1,15.9,1
8.22935654032973,0,6,5,253,1,1,14.95,0
0.6403444343923532,15,6,3,390,0,2,11.23,0
1.5433903217401743,23,6,4,487,1,2,11.39,1
0.08854116353232501,4,0,2,323,1,2,10.29,0
1.735806079258283,8,4,0,355,0,1,15.6,0
7.41715226064056,9,3,1,232,1,0,13.98,0
3.64864637786035,12,5,5,622,0,1,8.45,1
2.139286715466708,14,6,5,607,1,1,12.37,0
2.3240003157968268,11,0,5,326,1,0,9.47,0
0.006772713471739074,4,6,2,290,1,1,11.36,0
1.7819501195560352,4,4,10,547,0,0,6.8,1
5.198775432802587,17,1,0,161,0,2,13.07,0
18.285827271425898,11,6,4,354,1,0,10.74,0
9.388574993123456,2,4,1,97,0,2,16.69,0
0.1193889170775825,6,3,3,155,0,0,10.37,1
11.441468746111294,16,6,3,422,0,1,12.95,0
7.643863453550762,18,4,4,431,1,0,9.63,0
7.579194241744998,17,0,1,712,0,1,11.25,0
3.0624072642822298,0,0,0,365,1,0,13.84,0
2.5375331299759782,23,2,4,58,1,0,16.17,0
1.804244849911565,4,4,3,717,1,0,13.16,0
0.33976095317135435,1,1,5,646,1,1,10.92,1
1.2953782521651376,0,6,4,74,0,2,9.75,1
1.4158190425046666,6,5,2,130,1,1,11.63,1
3.308989422796835,10,5,4,255,0,0,7.83,0
6.880619413033578,10,3,0,448,1,0,17.59,0
3.2104629430782743,17,2,1,645,1,2,13.74,0
0.29792445031242043,16,4,4,291,0,1,11.16,1
15.825467021983783,1,1,0,706,0,0,14.41,0
14.299395811760219,6,2,6,321,0,0,13.38,0
7.689996178639589,6,0,4,241,1,1,11.4,0
23.738222416799715,9,3,6,685,1,0,8.81,0
3.931603883231449,21,6,4,485,1,1,14.4,0
16.4529803989145,20,6,4,265,0,1,10.54,1
0.39307926724584913,2,6,0,563,1,0,10.62,0
2.276014498231384,11,4,2,98,1,1,9.35,0
1.2769216469929554,2,5,3,610,1,2,11.22,0
1.089742122761541,10,1,1,275,0,0,13.78,1
0.758784936855425,11,6,2,604,0,0,14.04,1
4.8697798619599055,3,6,3,266,1,1,9.76,0
7.600771455615799,15,0,2,360,0,0,11.95,0
4.3172866134791335,19,2,3,392,1,2,9.98,1
0.7947600783391258,17,6,1,560,1,2,15.43,0
8.333316729073271,3,3,4,494,0,2,13.36,1
5.052384941086984,21,2,2,258,0,0,16.32,0
2.4564689738889043,5,5,1,538,1,1,13.9,0
5.60628828533534,20,2,4,411,0,2,14.53,0
1.5048834729935856,14,1,1,156,0,0,11.81,0
2.117067672469814,0,0,6,687,1,0,9.63,0
12.473927009813524,2,4,3,143,1,0,9.48,0
1.71600566445232,4,1,3,272,1,2,12.75,1
3.174280685649471,21,5,5,174,1,1,10.57,0
11.042794021308753,16,3,3,582,1,1,6.69,0
6.150238259218661,13,5,5,702,1,1,12.22,0
0.32111006237036377,8,5,2,468,1,1,14.11,0
0.7967553170232788,2,2,3,367,1,0,10.49,1
0.039362488619868075,12,3,6,437,1,1,9.76,1
4.983733534007458,2,1,6,618,1,1,6.21,1
2.9680789350511687,10,5,3,197,1,1,10.06,1
0.7209390029505175,1,1,3,651,1,1,14.94,1
15.842591716576111,23,6,3,196,1,1,9.29,0
3.7714942731423133,14,6,1,562,0,2,13.22,0
1.3846556515460238,12,6,5,194,1,0,7.21,0
3.4717752602625778,18,4,3,671,1,1,12.28,1
5.691242631366281,21,2,4,291,0,1,11.93,0
0.39651067385025407,15,1,1,593,1,2,14.65,0
1.6058758829254645,17,6,3,290,0,1,12.54,0
8.22443151175426,6,6,5,204,0,0,12.85,0
3.0778286077867363,12,3,3,125,0,0,10.49,0
3.9546506380290176,3,5,1,386,0,0,11.08,0
2.8353575840115566,8,6,3,399,0,0,10.43,0
0.22446354450078515,9,4,3,581,1,1,8.91,1
0.9061094871259683,8,3,4,171,1,2,10.96,1
2.9488178371113802,6,2,2,196,1,1,12.12,0
1.17345904124512,14,4,6,348,1,0,10.16,1
0.2563560976806342,7,4,2,660,1,0,9.17,0
9.278280231937154,18,4,4,687,0,1,10.77,0
19.867505515976198,10,5,2,364,1,1,14.83,0
7.878634682838712,4,6,7,503,0,2,9.54,0
9.613383011347391,1,0,7,670,1,2,4.61,1
1.3852086135460566,9,4,2,174,0,2,12.38,1
16.17337177429394,15,3,5,83,1,0,8.53,0
1.096540234206891,22,3,3,151,0,1,11.63,1
15.123726591010257,12,2,3,153,1,0,10.84,0
26.314069659946476,7,1,1,196,0,0,16.68,0
6.219163908423409,8,1,2,684,1,0,12.57,0
19.85454944713223,10,0,4,51,1,0,11.43,0
4.214501812797032,10,5,5,305,0,0,9.91,0
1.5024303624615976,22,6,2,437,0,2,13.35,0
2.872341714964048,15,5,2,511,0,0,11.97,1
4.501606318808089,9,6,0,328,1,2,15.55,0
0.3794485110692194,23,4,5,306,0,2,9.22,1
4.868848016974755,11,6,2,351,1,2,15.15,0
19.86360103937694,5,0,2,144,1,2,13.39,0
1.0542697055766685,11,2,4,301,0,1,10.49,1
7.865412180781225,9,2,6,197,0,0,10.88,0
11.924336194756286,17,1,1,465,1,1,14.19,0
14.38544517946248,17,2,2,293,1,2,14.05,0
16.111358472240994,3,4,1,279,0,2,13.37,0
3.685073610284772,8,3,2,491,1,2,11.92,0
18.92869392429678,6,2,2,468,1,1,12.67,0
7.079856118620867,17,0,1,371,0,1,12.2,1
0.8817258724042814,7,4,4,495,1,2,12.76,0
3.2399141606916015,10,2,2,87,0,2,15.34,0
6.33511639460626,6,5,2,34,0,0,13.56,0
1.4207104998989795,8,6,0,652,0,1,16.84,0
5.116807762306764,7,2,2,294,1,2,14.65,0
5.492068727594814,2,5,4,278,1,0,10.26,1
0.887862718992548,16,4,3,124,1,2,13.27,1
4.16302693854329,1,2,1,726,0,0,10.63,0
7.38387316020698,14,5,7,486,1,0,8.77,1
3.45470472579968,13,3,2,346,0,0,10.04,1
0.060884779438501666,17,1,3,148,1,1,11.38,1
0.045397819254521424,15,4,3,231,0,0,8.72,1
2.2082809591005335,19,5,5,82,1,0,12.19,1
13.03158088526201,21,0,1,346,0,2,12.41,0
1.2982388548195847,3,2,3,702,1,0,13.41,1
5.0305806252761,19,5,1,273,1,0,13.05,1
1.2556313986525485,5,6,3,123,1,1,7.91,0
1.9406068427327785,5,5,3,581,1,0,10.63,1
9.420758508770627,10,5,5,309,0,2,8.94,0
6.525626528131986,16,6,5,121,1,0,9.97,1
0.501308115183345,23,1,2,67,0,1,15.42,0
2.799221753900893,2,6,1,442,0,1,16.55,0
0.14801829901126068,12,6,2,272,1,2,11.94,1
3.2781987731790285,21,0,1,393,0,0,10.68,0
5.429971334477727,2,6,4,677,0,0,9.31,0
0.630666267184792,15,0,5,93,0,2,10.96,0
1.7046051616351723,14,3,5,230,1,1,9.78,1
2.5361324214142518,10,6,0,336,1,1,10.85,0
12.59941784148555,17,1,5,204,0,0,8.99,0
24.994780379511752,14,6,1,718,1,1,15.82,0
0.2297553109084137,4,5,2,626,1,0,12.98,0
7.156624401502873,15,4,2,701,0,0,12.49,0
2.323879121527445,15,1,0,723,1,1,13.22,0
2.4916713844208656,16,6,3,577,1,2,10.68,0
7.017507254976709,8,1,1,128,0,0,14.29,0
12.531249964185863,22,0,4,255,1,0,11.08,0
15.07239393293603,2,3,3,578,0,0,13.14,0
4.303364717227319,19,3,3,302,0,1,12.69,0
2.20899500324707,12,1,5,215,1,1,10.04,1
7.745221547885493,21,1,3,481,1,0,12.37,1
1.445090711393864,2,6,4,590,1,2,9.61,0
4.151414204758868,6,2,1,534,1,0,13.1,1
2.2203420593832677,5,5,1,123,1,0,15.88,0
5.344749114938969,8,0,4,336,1,0,10.82,0
1.3748093444425482,11,5,2,546,0,0,11.97,0
1.063447836422213,14,4,3,203,1,0,12.02,1
12.519779908948435,20,4,1,724,1,0,10.87,0
0.5368330935189589,19,3,3,102,1,1,12.04,1
3.5256727920490882,2,0,4,174,1,0,14.19,0
1.2477763444526255,9,5,2,693,0,0,10.78,1
0.19853996856933326,0,3,4,85,1,0,11.33,1
0.1834175280566355,18,4,9,724,0,0,6.75,1
0.9632037172916342,18,1,4,663,1,0,10.7,0
10.078404909353614,22,0,2,273,1,0,12.27,0
1.6597635333402472,22,0,5,233,0,2,11.43,1
15.024790562678799,12,5,0,620,1,1,11.8,0
4.356853245869319,11,6,2,45,1,1,13.78,0
2.8689530490754382,0,2,2,155,1,2,12.54,1
4.338560505970516,18,5,4,628,0,1,7.27,0
3.6355717949754327,23,1,1,495,1,1,13.96,1
7.110151842746742,15,6,3,457,1,1,11.83,0
1.6598842419936322,22,6,7,380,1,1,6.66,1
2.1774343626131327,22,6,1,584,0,2,13.52,1
11.226031136902604,14,1,3,108,1,0,8.97,0
14.636305584720752,15,3,3,530,1,0,10.23,0
11.154031145986536,10,0,3,408,1,0,11.67,0
2.71887946748747,23,3,1,293,0,2,9.83,0
7.578952457757636,5,1,1,334,0,0,10.9,0
3.2345225620584084,10,2,2,517,1,2,10.4,0
3.441194749736848,2,0,7,154,1,0,8.56,0
1.1450543335802255,14,1,5,647,1,0,10.88,1
4.471793817869971,0,2,5,675,0,0,8.21,0
1.0298093873716538,6,5,2,110,0,1,10.5,1
2.014078347864592,0,4,8,650,0,1,7.88,1
9.656149226451774,16,6,5,204,0,0,10.22,0
1.1601382995655154,8,1,4,705,1,1,9.4,1
0.36908468501513136,22,4,3,154,0,0,15.26,0
0.35752078534477316,12,3,5,377,1,1,10.37,1
14.13286146641773,10,4,2,396,1,1,12.06,0
3.5354236725789976,19,1,4,564,0,2,10.03,0
2.6331837490083188,5,4,0,444,1,2,16.02,0
8.326830208309165,0,6,2,603,1,0,13.49,0
9.034139994404848,6,0,3,281,1,0,8.12,0
2.018765620314438,11,1,7,637,1,2,7.01,0
5.914613885831744,21,2,5,598,0,0,9.11,0
7.37284866529631,19,4,5,263,1,0,9.98,0
5.315994361736102,22,0,3,387,0,0,12.85,0
0.8219862551402466,18,6,1,355,1,0,11.06,0
10.43265641370974,16,3,2,94,1,1,12.24,0
3.872811802854619,3,3,2,322,1,0,15.8,1
1.6597195097022186,2,6,5,353,0,2,10.06,0
2.7689108059388405,0,4,1,360,0,1,11.81,0
0.19147537851351137,17,3,3,558,1,1,8.93,0
0.68406557923332,20,2,2,164,0,0,11.43,0
7.252495367560702,14,1,2,448,1,0,10.24,0
5.817411525216162e-05,7,0,3,159,1,1,10.81,1
2.6941182510663553,0,5,5,578,0,1,11.08,0
3.6960622046693654,19,4,3,598,0,1,11.67,0
0.2809178457824846,13,3,1,386,0,0,12.24,0
18.074087681393877,3,1,3,551,1,1,8.02,0
1.281726725915564,4,5,1,489,1,1,14.86,0
1.813455880670851,22,2,3,622,0,1,10.9,1
1.811615123619793,12,3,2,631,1,1,12.62,1
1.3095301511269732,23,3,5,661,1,2,8.18,1
0.00737454615192529,14,0,4,643,0,1,9.98,1
6.534547855373437,5,2,5,524,1,0,8.84,0
17.032884094513744,0,2,1,568,1,1,10.53,0
1.269905152221055,22,4,1,290,1,1,11.38,1
5.439061967302936,18,5,1,602,1,0,13.17,0
6.77196970640312,12,0,2,165,0,0,13.0,0
9.433386140185174,5,4,2,638,1,1,11.03,0
2.746352896936128,14,0,1,690,0,1,10.79,0
1.8043537102967462,15,2,1,256,1,2,12.49,0
1.967399596573177,23,0,4,257,0,2,12.36,0
6.234772679962116,22,0,6,287,1,0,7.32,1
8.485323753150265,15,0,3,443,1,1,11.63,0
1.002105658208199,9,1,1,249,1,1,11.88,0
2.317651199833902,21,1,6,265,0,0,11.46,0
11.610888745885164,8,5,2,49,1,0,11.39,0
8.217391843646855,8,5,3,453,1,0,12.92,0
20.951547693411882,16,6,7,442,1,0,10.43,0
7.017167191600205,16,2,3,418,0,2,14.68,0
2.497740614418322,16,0,5,374,0,0,7.29,0
4.46577511649979,23,2,4,679,1,0,8.0,0
5.408986102064621,11,1,4,496,0,0,13.13,0
0.4085227772741556,12,0,4,218,1,1,12.8,1
3.9317644317620526,11,4,6,646,0,0,7.97,0
6.177675616784138,13,1,3,397,1,0,5.13,1
0.9155371515647235,9,1,3,414,1,0,11.76,1
7.5850165298705585,22,1,4,127,0,0,7.77,0
4.382619835734714,18,6,7,299,1,0,6.74,1
15.20592755555257,1,0,2,694,1,1,12.76,0
0.2167420526105625,3,5,1,247,1,0,13.83,1
1.5416430140471902,18,3,2,50,0,0,15.56,0
4.600914975811219,6,4,3,301,0,0,10.85,0
1.758862845523176,14,4,2,189,1,2,10.45,0
6.266238300943795,14,2,3,521,0,0,13.43,0
7.114901324549239,23,0,4,458,1,2,11.55,0
0.5407997301929703,5,5,0,605,1,2,13.27,0
3.606236217725379,2,1,5,625,1,0,10.06,1
3.5554413749490776,5,3,0,614,1,1,13.24,0
2.304472380936284,15,0,5,601,1,1,11.38,1
13.509709168835878,1,0,4,688,1,1,14.18,0
8.78697340064041,6,6,4,76,1,1,9.35,0
5.973568708741899,10,5,4,252,0,1,11.64,1
6.264531019127748,6,3,2,187,1,0,9.34,0
3.096846221146379,3,1,1,76,1,1,11.05,0
12.691190378560188,23,0,2,562,1,1,13.53,0
5.9305895666710455,19,4,5,380,1,0,9.86,0
6.527832886776416,6,4,2,348,1,2,10.18,0
9.89132135435786,3,3,1,260,0,0,13.22,0
1.6015193846438724,11,1,5,327,1,2,11.76,0
8.227162675622996,4,3,3,474,1,1,8.71,0
1.0860596594951664,22,0,1,134,1,1,16.69,1
2.1182112208300725,18,6,0,667,1,2,15.15,0
2.044433181351139,4,6,5,328,0,2,11.19,0
19.204438111263077,18,4,3,97,1,0,11.6,0
9.708398381862212,20,6,3,567,0,1,15.09,0
6.03939982992444,2,2,2,702,0,0,14.32,0
6.492457117101072,10,3,2,649,0,0,11.66,0
4.128512898420655,6,6,3,625,0,2,13.11,0
14.695877652546008,16,2,2,70,0,0,10.93,0
3.4284627066052793,8,2,5,229,0,0,9.44,1
2.394355828410854,20,5,3,577,0,1,14.53,0
0.8898671397007586,8,4,4,404,0,0,11.58,1
7.7137035894156,9,3,3,435,1,0,12.92,0
6.629646409861012,12,2,5,263,0,1,12.34,0
2.4254242142454214,14,0,1,537,1,1,14.3,0
0.1275810047719554,21,6,3,271,0,0,9.98,1
9.131671580553208,4,5,4,368,1,1,14.12,1
0.057418345521317776,2,1,2,49,0,2,13.43,1
6.0819104033011895,7,6,1,693,0,2,14.37,0
17.57582578969906,19,6,1,200,1,1,13.31,0
2.8782549581847943,9,6,3,245,1,0,13.82,0
1.3392234052435346,12,5,3,45,0,0,15.43,0
6.101713820598991,2,1,1,312,0,2,12.45,0
8.494848005046627,21,4,6,330,1,0,11.33,0
3.953031815944503,7,3,2,194,0,2,12.47,1
17.061586182015414,8,3,1,720,0,0,9.2,0
0.2652569402128082,21,1,6,287,1,2,6.39,1
3.5139233446428686,20,6,3,617,1,0,12.45,0
6.337296236748891,11,0,1,646,0,0,15.22,1
9.925767462153395,10,1,2,382,1,1,13.62,0
0.9877178007997744,1,1,2,116,1,2,13.94,0
8.047276607020212,17,3,4,555,0,1,15.98,0
4.022707936999149,8,2,3,38,1,0,12.66,0
2.5254909675138966,1,0,3,492,1,2,11.07,0
0.7061765505724636,1,3,5,565,1,1,9.75,1
10.023368553021275,2,5,1,653,1,0,16.47,0
0.8555623193815549,15,1,3,326,0,0,9.06,1
1.8537813911121623,18,2,5,246,1,1,12.48,1
1.712772202638604,3,0,3,257,1,0,11.63,0
10.255788018501551,22,4,3,61,0,2,9.94,0
5.584436228630647,17,0,2,460,1,0,9.5,0
7.964905291553204,19,0,4,199,1,1,13.76,0
1.4415306609661314,17,6,4,260,1,0,9.09,1
4.902467874882831,9,1,4,99,1,1,10.92,1
4.24019381061268,10,1,0,140,1,0,12.05,0
8.943731370964587,16,4,4,118,0,0,14.73,0
11.826935506050372,23,4,2,31,1,0,12.6,0
0.061156347044856244,22,4,2,85,0,0,9.71,0
5.60459500444768,23,3,5,699,0,0,9.14,1
0.2661379202311137,19,3,3,300,1,0,14.39,1
3.979873036849448,15,1,2,303,1,0,10.45,0
1.69580835284943,19,1,5,573,1,0,9.28,0
1.8320148226473094,12,4,2,299,1,2,14.77,0
2.1767242483955855,1,3,1,219,0,0,13.88,0
4.854955025691306,23,2,3,512,0,0,9.16,1
2.03270317391417,1,3,3,337,1,0,12.05,0
6.596900519963843,13,1,1,51,1,1,12.89,0
2.591999393869146,3,3,3,43,0,1,11.7,1
0.35400753206794394,16,1,1,515,0,0,15.09,0
7.656828242916668,12,4,4,575,0,0,11.28,0
1.6826694647585692,3,6,3,493,1,1,11.41,1
2.8349245633047144,2,4,4,597,1,2,10.52,0
5.782963935159129,11,4,3,462,0,2,13.75,1
2.020751043452489,21,2,6,604,0,0,7.76,1
0.29124851911949046,22,6,1,429,0,1,8.86,1
2.3413939642607366,7,2,3,621,0,0,11.15,0
14.452231245840162,1,1,5,581,0,1,10.76,1
5.13240330335556,5,0,2,308,0,0,11.57,1
5.565774843475207,21,5,3,139,1,0,10.55,0
5.002196783680692,9,2,2,77,0,1,11.67,0
1.109422589643863,11,1,5,111,1,1,9.95,1
2.7092932275544612,20,6,0,715,0,1,11.4,1
6.95030319049337,9,3,1,654,1,0,14.52,0
0.5344356102718182,9,6,3,307,1,1,6.28,0
1.627631248216475,22,4,3,410,1,2,12.68,0
1.61702370654051,2,4,4,339,0,0,11.43,0
2.8283359202299048,19,4,4,581,0,0,11.79,0
19.65316066639828,9,1,4,571,0,1,6.94,0
0.3494442924806149,8,4,5,269,0,0,10.59,1
3.6563328435297366,19,2,3,212,1,1,10.51,1
0.9883823033775565,18,3,4,213,1,1,14.0,1
17.646837926128867,13,4,0,583,0,2,14.72,0
0.6012626257777125,1,1,4,495,1,2,8.45,1
2.584226883898694,4,3,4,668,0,0,7.42,0
6.694859411838541,19,4,1,466,0,0,11.97,0
6.09635324351578,7,0,5,623,1,0,11.62,0
2.747214115099548,6,4,2,262,0,0,14.7,0
2.127248644659102,5,5,2,30,1,0,12.76,0
2.5342707571706296,10,6,3,534,1,1,11.76,0
1.5345029413501967,11,2,4,391,1,2,10.14,0
1.1491602143566875,17,3,4,312,0,2,10.76,0
3.298945959341901,18,2,2,558,1,0,14.83,0
1.5635210297696756,9,0,1,198,1,1,12.51,0
1.694607823168569,20,0,5,215,1,1,11.32,1
5.3465694969159205,13,5,4,151,1,0,9.74,0
17.294767846531578,2,2,5,470,0,0,12.03,0
4.627126634713337,17,3,3,668,1,2,12.76,0
0.4005189942997255,23,0,3,707,0,0,13.54,0
0.39296337244275537,14,0,2,503,0,2,16.16,1
15.12304828716215,5,4,3,151,0,1,6.44,0
1.7640605735917971,9,5,1,689,0,0,14.71,0
0.4829233816040338,11,6,2,321,1,0,13.34,0
4.56952523879412,6,1,4,276,0,0,11.69,1
4.886162356502919,16,6,2,217,1,1,12.88,0
5.227796404115659,0,6,5,552,1,1,10.48,1
1.5557909833478298,17,0,4,313,1,1,11.47,1
0.07613006942445556,14,3,2,586,0,1,14.21,1
16.764232206039814,18,3,4,153,1,2,12.45,0
1.4443675475963291,0,4,1,276,1,0,13.15,0
5.635464512230804,4,3,4,435,1,1,10.43,1
6.13160112225038,14,4,2,366,0,1,12.44,0
4.708137790959099,2,0,7,188,1,0,7.57,1
1.876430992420446,0,0,3,296,1,2,15.16,0
1.5810679551628297,7,6,2,321,1,1,9.86,1
4.552391816101794,11,0,6,619,1,0,10.7,0
10.053147087469952,21,0,1,180,0,2,14.69,1
14.662259804712816,18,1,2,314,0,2,11.34,0
0.5597207257871357,11,5,4,180,1,1,11.39,1
0.841079234315485,12,6,7,153,0,0,10.93,1
14.478191298494597,0,6,5,301,0,2,9.34,0
6.669178069043613,18,5,2,369,0,0,15.02,0
10.727642831722235,5,1,4,688,1,1,13.04,0
1.1321988527499602,7,0,5,637,1,0,8.58,1
4.428636336323545,3,3,2,476,0,0,10.18,0
6.038893427855406,4,4,2,591,0,2,12.73,0
5.6989199317458885,21,6,1,486,0,1,10.72,1
2.622524557519717,6,5,1,584,1,1,7.39,0
0.07757311732207486,22,2,3,560,1,0,10.62,1
4.372458755453356,3,4,4,142,0,2,15.15,0
1.4591301618925725,19,2,2,559,1,0,11.51,0
2.9914968667385016,3,2,1,675,0,0,13.96,0
15.800796297502718,14,6,1,555,1,1,14.6,0
2.546095554848561,20,0,5,93,1,0,9.92,0
9.156711367572209,4,2,1,422,1,0,12.53,0
1.0446046558564828,23,0,2,704,0,2,14.86,0
5.580733072314863,8,1,2,528,1,1,12.48,0
18.86281737842832,1,3,1,547,0,2,13.02,0
0.5373308821031382,6,2,4,384,1,1,12.39,0
0.04177373062622429,16,6,2,662,0,0,10.34,0
2.8421217841253443,15,3,2,182,1,0,9.87,1
0.48599997869304995,16,0,2,358,1,2,9.15,0
6.899262764478805,19,2,4,719,1,0,11.94,0
12.29904116448158,22,4,8,508,1,1,7.27,0
2.8459912786061885,1,6,2,420,1,0,14.05,0
1.4968279124765962,10,1,3,604,0,1,11.7,1
2.849370162666727,1,5,3,441,1,0,8.86,1
6.426778759780297,0,1,0,287,1,0,13.29,0
0.04547699803614305,1,2,3,606,1,1,13.39,0
4.45133636144739,22,6,3,536,1,0,11.08,0
4.7504228892607285,8,1,7,728,1,1,10.77,1
5.076251206765839,21,5,3,323,1,1,10.69,0
1.3855051151320081,1,4,2,506,1,1,13.84,1
6.259739163161683,14,3,0,537,0,0,10.43,0
0.47920477802918,9,4,5,148,1,1,9.55,1
1.111159437946992,14,1,2,720,0,2,11.63,0
10.496998808902605,9,5,2,507,1,1,9.6,0
6.710873543226646,22,3,3,593,0,1,13.82,0
0.06920449429463241,16,6,2,651,0,2,11.12,1
1.4275971324184038,8,5,1,639,0,2,11.71,0
1.2065788712923633,17,4,5,348,0,0,12.6,1
1.579079571346389,3,0,2,424,0,2,12.72,0
1.4221685722856123,8,0,2,77,1,0,13.96,0
0.3228328516165735,15,3,4,642,0,2,7.39,1
3.0711302767106776,3,3,1,467,1,0,11.6,1
6.597544483496352,15,3,1,504,0,0,17.37,0
4.666316328474586,18,0,3,615,0,2,13.31,0
5.587013671515734,0,4,1,579,1,0,11.05,0
0.42315748414097476,22,3,2,165,1,0,12.85,0
15.129999783170069,5,0,5,547,1,1,8.01,0
9.115997865791446,9,3,3,353,1,1,14.39,0
8.176094997440988,15,3,2,226,0,0,7.86,0
8.657570268273654,3,5,1,140,0,0,13.75,0
13.493755965981919,21,3,4,579,1,0,11.32,0
3.9290978392501765,21,0,5,144,1,0,7.77,1
1.1174806789967353,12,4,3,726,1,1,11.05,1
4.795777283987891,15,0,6,517,0,0,9.95,1
6.791090931174177,19,0,5,394,0,0,6.44,0
6.695477661867003,5,3,4,513,0,1,8.24,0
3.684962705983576,10,5,4,339,1,2,10.49,0
0.35457386793518536,23,2,2,142,0,1,10.73,1
2.319017953781472,2,6,3,299,1,0,10.67,1
12.676787293516332,19,2,6,349,1,1,9.16,1
4.390748556865408,9,2,3,204,1,2,9.78,0
3.864545690174431,0,0,1,48,0,1,13.15,0
1.5657072429293193,19,3,5,232,0,0,10.6,1
2.297882267765736,10,6,3,155,1,2,13.16,1
11.28548230029503,11,2,1,496,1,1,10.71,0
5.490008088730326,13,1,2,283,1,2,11.14,0
7.741408965374802,7,1,2,321,0,1,13.58,0
3.0288457321064928,10,1,1,181,1,0,10.24,0
4.974603286775109,3,4,4,228,1,0,11.01,1
1.4276460159816908,6,3,3,228,1,1,11.66,1
6.111716403019921,9,0,5,716,0,0,4.83,0
2.7895978066118117,18,0,2,482,0,0,11.41,0
2.921872099519876,3,3,2,209,0,0,13.06,0
5.239438905266018,1,5,1,247,1,2,12.78,0
13.766332735548692,20,6,5,659,0,2,9.05,0
0.3307329154614954,17,5,4,349,0,0,11.11,0
8.70751582603576,13,4,3,52,0,1,13.58,0
1.729262240730678,15,3,5,666,1,0,11.08,1
2.9342106461394817,21,5,2,113,1,1,10.89,0
0.11078495994734697,10,6,4,355,1,0,7.88,1
1.790852292848194,9,4,1,728,1,1,14.24,0
3.4921178073381465,16,2,0,358,1,0,11.64,0
0.28907826423977495,13,2,3,633,0,0,10.54,1
3.377476767819873,21,4,3,359,1,0,12.0,1
13.094062255622891,3,3,6,723,1,0,11.49,0
0.5568550354541228,18,2,2,502,1,2,14.97,0
7.228963558694006,1,3,4,507,0,0,10.92,0
2.6353768039866257,6,5,2,264,0,0,11.38,0
5.323572545600616,8,2,1,585,0,0,10.8,0
1.5071243545728261,18,6,5,617,0,0,13.92,0
0.8687456019759164,15,6,4,682,1,1,10.22,0
0.8745213506410947,21,5,1,723,0,0,14.56,1
0.3654990330033584,15,6,2,148,0,0,12.79,1
1.0268049183884456,17,3,5,69,1,0,9.01,1
5.456486318931661,22,3,1,289,1,0,12.12,0
10.672260761290975,20,6,3,670,1,0,8.83,0
8.413422813307038,20,1,5,35,1,2,12.24,1
5.778045558182285,10,4,2,340,1,0,12.16,0
0.5850958690531574,6,0,2,95,1,1,15.26,0
1.7067326074221483,8,4,3,403,1,1,10.7,0
1.8539191485798179,3,6,2,175,0,0,11.8,0
1.4381233464810095,12,3,3,263,0,1,9.33,0
3.618090288086634,3,3,2,58,0,1,11.78,1
3.83454791469922,18,4,4,702,1,1,8.32,0
2.207166189586289,1,3,3,672,1,2,12.41,1
2.183147243924161,8,5,4,689,1,0,11.02,0
8.817481254885438,11,2,5,623,0,0,12.95,0
7.786430081345391,1,3,3,499,0,1,8.68,0
1.8393716297835185,5,6,1,390,1,0,15.63,0
12.254755242514166,4,6,1,624,1,0,11.24,0
15.268397969230026,4,4,2,614,1,2,13.09,0
1.978137348938951,19,4,3,384,0,1,9.31,1
2.1880690356209325,21,4,5,55,1,0,10.41,0
3.5223972788543008,4,6,2,319,1,0,7.38,0
14.161338022406763,3,1,1,100,1,0,11.86,0
10.450265554463936,8,6,7,718,0,0,8.61,1
0.5410894290702714,21,5,5,118,1,2,13.51,0
2.4939150011702385,9,6,2,206,0,2,8.14,0
4.030137157340868,15,5,2,56,1,1,12.4,0
3.4971591639203408,9,6,2,318,1,0,11.36,1
1.0775083000408872,9,6,2,604,0,1,8.57,1
9.788483684779266,18,1,1,560,1,2,10.95,0
5.649598190940283,9,5,3,513,1,2,10.66,0
9.097967581497205,5,1,2,463,1,1,13.33,0
9.786625034027141,16,5,6,522,0,1,9.38,0
6.898696535848757,4,1,6,307,0,1,6.58,0
2.892049236190386,5,1,2,375,1,0,8.73,1
4.715057297135249,23,5,5,608,1,1,10.84,1
0.873942445366517,14,1,1,267,1,1,12.81,1
5.598854061247785,18,6,3,166,1,1,14.82,0
0.9877034469695107,17,5,5,192,1,1,9.29,1
5.920027268512381,3,1,2,322,1,1,14.69,0
1.3042151555503232,7,6,2,57,1,1,13.49,1
0.6252731117308141,15,6,0,285,1,0,15.64,0
0.9033215947152424,23,4,3,653,0,2,12.46,0
0.00997061079855313,18,0,5,694,1,1,10.91,0
6.34237205923132,19,5,2,294,1,1,7.82,0
6.591329354919006,2,1,4,593,0,0,10.33,0
3.6173448731352558,9,4,1,510,0,2,11.87,0
0.8798854342037745,1,0,4,430,0,1,13.34,1
0.43626250762010454,3,1,3,489,0,1,9.6,1
0.09657146158574832,5,0,5,595,1,2,9.44,0
0.9060998805753395,10,5,5,162,0,2,11.6,1
11.075414535748173,13,6,0,220,0,1,14.6,0
1.3823052658091772,15,6,1,153,1,0,13.53,1
2.186879373005469,20,0,3,460,1,2,13.82,1
0.5565882570548336,18,6,3,247,1,2,12.12,1
1.2574663233084151,1,2,6,432,0,0,8.11,0
3.661775005095822,16,3,0,351,1,0,11.41,0
4.679313638308699,8,6,4,330,1,1,11.77,0
1.4075213996189349,16,2,5,100,1,0,8.46,1
0.2973285639384077,14,5,1,243,1,0,12.72,0
2.479954925116879,6,5,5,574,0,1,12.16,0
1.3341932089252793,21,0,4,403,1,2,10.36,1
1.2394481473601149,22,6,2,365,1,0,11.51,0
16.077258807530036,18,6,7,200,1,2,7.84,0
4.789477740754984,2,6,2,373,0,2,11.89,0
4.069555759654726,0,4,2,485,1,2,10.42,0
2.6873463678898757,3,1,2,439,1,0,15.75,0
2.8013429223173603,17,3,2,330,1,0,11.3,1
3.8924906350990818,7,6,5,525,1,0,11.57,1
5.960712084619026,18,1,3,320,1,2,9.56,0
6.055760841675229,22,4,0,466,1,1,15.1,0
0.9418625811311385,22,5,0,131,1,0,14.34,0
3.4668635507154195,5,3,1,39,1,0,13.25,1
2.6547853333703615,0,2,5,70,0,0,10.35,1
10.221413266333093,7,5,5,399,0,2,10.83,0
4.99047283861855,0,5,1,155,1,1,12.75,0
3.801823142536145,18,0,5,412,0,1,9.65,1
0.6130682839680344,10,4,3,356,1,0,12.75,1
4.6524286456636785,20,0,5,479,1,2,7.72,1
0.6233051440267388,23,0,5,552,1,1,7.41,1
2.0564595718436522,14,1,2,561,0,2,12.76,1
0.7706648613371263,22,5,4,302,1,0,6.78,1
5.889473191581443,10,4,1,531,1,1,9.83,0
1.1549469593972321,18,0,2,516,1,0,16.01,0
2.4867456483084243,20,2,4,256,0,0,13.9,1
11.30121060443565,9,3,5,256,0,0,8.86,0
1.1427681936507676,23,6,1,370,1,0,15.2,1
3.544402147474845,11,4,1,301,1,0,15.27,0
2.717361033171202,0,1,1,424,0,1,14.14,0
0.09145146658282576,23,4,1,153,1,0,13.04,1
7.869343172279621,6,5,1,224,1,0,14.45,0
0.35772655764686,16,1,2,612,0,0,14.0,0
3.214695072837621,9,3,2,202,1,1,13.68,1
4.112616604663264,5,2,5,232,1,0,6.9,1
4.950042355320459,16,0,2,62,1,1,16.47,1
5.833892980285947,17,4,5,240,0,0,14.81,0
1.4602739846099724,4,1,4,723,0,0,6.98,1
0.05014449182274021,17,3,6,80,1,1,10.22,1
6.426703629946992,16,0,6,436,0,0,13.29,0
3.8356545643634714,21,6,6,570,1,2,11.2,0
9.043034056564426,15,3,1,547,1,2,15.23,0
8.612707276657229,7,2,2,162,1,1,9.52,1
9.267945682339606,23,0,5,125,0,0,11.58,0
3.318861004991347,12,0,5,453,1,1,10.48,0
2.029538999184942,23,6,2,111,0,1,13.96,0
7.8404771291596465,15,0,5,344,1,0,7.93,0
3.000963530161353,10,1,4,309,1,0,8.66,0
1.0132878735771451,5,0,3,672,0,0,11.31,1
9.654211885867282,2,3,2,115,0,0,11.64,0
10.70913332417349,0,1,2,395,1,1,12.09,0
3.1396983800225375,17,0,2,395,1,2,11.44,0
0.39359144843978927,4,3,2,122,1,0,12.0,0
2.4536943501757476,12,3,3,100,1,0,10.27,0
8.136422586247193,9,4,6,355,0,0,9.1,0
11.602423117498834,4,3,1,536,1,0,10.35,0
1.1374696431004256,13,6,4,355,0,0,11.83,1
0.34660897801817364,16,5,1,220,1,0,13.72,1
10.492121014020714,0,2,2,243,0,0,9.88,0
2.4666064372231298,1,0,4,76,1,1,13.45,0
3.9018215946856776,6,6,2,118,1,1,10.75,1
17.220390602646056,9,0,2,256,0,2,14.78,0
0.3444182867956367,19,0,6,426,0,1,9.86,1
5.225139709923749,6,3,4,246,0,0,12.8,0
0.3849744904506248,23,3,1,330,1,1,13.55,0
2.3537709819860084,15,0,1,445,0,0,14.33,0
8.14347434561074,4,5,3,199,1,1,13.58,0
2.8411459213976,11,1,3,394,0,0,15.41,0
29.359267299804664,16,1,3,261,1,0,13.75,0
4.094224227788536,15,2,4,649,1,0,11.7,0
1.9368649544732373,19,4,0,357,0,0,11.3,0
1.24302047501835,15,6,3,262,1,0,6.77,0
2.1579202945019085,18,2,3,711,1,0,11.34,1
2.330323176468781,14,0,2,676,1,1,10.97,0
0.35594253131322523,11,6,5,672,1,0,8.64,1
2.306799069853607,20,0,2,66,0,0,12.24,0
3.1203310823324064,9,0,4,431,0,1,12.13,0
6.413957389264605,21,4,3,665,0,0,10.36,0
5.34618234187654,1,3,1,455,1,2,14.99,0
6.1681351370333335,6,4,1,437,1,2,13.27,0
0.04199426856058394,12,2,3,246,1,2,11.68,0
1.227376543151715,2,3,1,199,1,0,16.95,0
5.418878807356186,14,3,3,639,0,0,11.96,0
3.3081395470501223,0,2,7,387,1,1,8.29,1
0.026638211927366016,2,3,2,215,1,0,13.45,0
8.160837477457024,9,6,4,708,1,0,14.39,0
7.409833644919387,14,1,2,190,1,0,12.31,0
3.975004405811174,21,2,2,313,0,1,13.28,0
0.3438751498821395,5,2,2,213,0,0,12.18,0
7.273188279549895,19,1,1,566,1,1,12.99,1
4.38190882295859,14,4,2,171,0,0,11.42,0
7.615383210126404,23,4,4,724,1,1,9.68,1
6.966534304535216,20,4,2,625,0,0,15.79,0
8.122810339259654,6,3,2,260,1,0,11.29,0
3.6491395017543886,20,1,0,497,1,0,10.92,0
0.7560015384221204,4,6,1,417,1,0,13.45,1
5.560881426470513,3,2,3,187,1,0,13.64,0
4.844158034676422,21,2,4,347,1,0,13.29,1
6.778887608141981,17,2,3,214,1,2,9.21,0
0.9309311113175609,2,3,4,450,1,1,13.03,1
1.0844109723041844,16,3,3,212,1,2,15.72,0
11.055023720907293,17,5,7,626,1,2,7.03,0
6.9310277943560505,17,6,1,606,0,1,12.85,0
11.942266819727802,23,4,3,81,1,0,9.14,0
7.108889013113904,23,5,0,32,1,2,17.71,0
4.546020829885577,1,5,3,106,1,1,8.62,0
5.308501052794627,12,3,4,676,0,2,10.0,0
10.996891050998268,21,4,2,611,1,1,13.97,0
4.323317676020178,14,4,1,703,1,1,11.83,0
5.003681439657029,4,2,3,637,1,2,9.62,1
0.8508388667527144,2,3,5,45,1,1,9.9,1
3.211521529083448,4,4,6,259,0,1,13.98,1
6.300901504357142,4,5,4,296,1,0,10.29,0
1.5800147346499278,4,1,0,335,1,2,13.59,1
1.1298262711589633,2,1,4,35,0,1,8.57,1
1.8831260848764964,2,3,2,139,1,0,13.17,1
1.3820665406717283,19,2,2,172,0,0,14.17,1
1.2098013849627498,22,2,2,696,0,1,11.19,1
2.765629340582181,17,4,3,236,1,0,12.67,0
11.921064783844441,19,6,3,458,1,0,10.4,1
3.5368354977931604,3,3,4,195,0,0,7.01,1
1.0407844522212926,0,6,1,289,0,2,14.11,1
0.40047675444223196,15,1,1,714,0,0,17.35,0
5.956206724269233,7,5,2,423,1,1,10.01,0
2.4128007830491347,16,4,3,150,1,2,11.96,0
8.625112205608028,7,5,3,442,1,0,14.22,0
5.386858899283821,6,6,5,169,0,0,9.8,0
7.954097836041615,7,4,3,197,0,2,8.75,0
1.5869005592718597,20,0,0,113,1,1,14.09,0
5.894107541012077,23,5,5,450,0,0,12.98,1
1.5330469106684042,11,3,1,297,1,2,12.19,1
13.99002329675527,15,5,2,67,1,1,12.86,1
5.058150931618789,11,5,5,332,0,2,7.89,1
1.9615979526792973,18,4,4,367,0,0,10.6,1
1.570211432581741,9,1,1,359,0,0,13.97,0
1.0593280914634784,6,6,4,228,1,1,11.05,1
5.931335053787402,11,0,10,34,1,0,5.14,1
1.234080317687602,19,5,3,461,1,0,12.49,0
4.523086485645732,4,6,3,400,0,0,12.94,0
1.536941705045495,15,6,7,132,1,1,9.87,1
5.423087542058411,8,1,4,464,0,0,10.21,0
8.435368576448173,6,2,2,679,0,0,11.16,0
7.525958057169422,19,0,5,410,1,1,13.93,0
7.153349370632601,21,0,3,95,1,0,11.88,0
1.0395656616596674,13,6,2,608,1,0,11.89,1
0.462687345025399,10,4,5,299,1,1,7.05,1
6.002375118285905,6,5,3,76,1,0,9.74,0
2.297077123598895,9,2,5,394,1,1,8.72,1
2.831217998206428,8,4,4,209,1,0,11.68,0
0.15822270730651902,3,3,2,97,1,0,11.69,0
1.5026644533912372,15,1,3,144,0,1,11.63,0
0.1712825761378989,9,1,2,55,0,2,9.53,1
10.567506119683948,18,4,4,588,1,0,13.61,0
1.394580914974728,23,6,3,236,1,1,10.13,1
4.074734519277519,16,1,2,102,1,0,12.87,0
0.19879675840272978,8,5,3,288,0,0,10.54,0
5.495773048072541,12,1,2,415,1,0,11.76,0
1.950621997161652,0,5,3,59,1,2,10.01,0
11.409952473304836,1,3,2,450,1,0,12.99,0
10.951561116018706,12,2,3,32,0,0,9.64,0
1.9673661327106797,23,0,4,550,1,1,11.43,0
11.561202569055897,8,4,2,549,1,0,12.16,0
27.808386180741863,6,4,0,550,1,0,15.26,0
8.726736769711309,15,5,0,430,1,0,15.46,0
9.317502459260151,18,3,1,693,1,2,12.56,0
1.431806299604674,6,3,2,683,0,0,13.13,0
4.298398992553327,5,6,1,303,0,2,12.3,0
0.3481220362865055,17,0,1,501,0,0,15.83,0
0.49864830924027337,18,2,4,401,1,0,10.08,1
34.02875609944641,10,4,0,460,1,2,13.6,0
1.9773702970479465,11,5,3,568,0,1,10.66,1
6.89528133814556,9,3,3,377,1,0,10.13,0
8.216655588657973,12,4,1,100,1,1,17.27,0
9.760460575716627,11,5,2,511,1,0,13.37,0
30.22073593021617,20,1,2,285,0,1,12.54,0
1.3820392319829855,9,4,0,132,1,1,13.05,0
0.2059375297847147,19,2,3,176,1,0,13.83,1
2.6482715304569138,17,5,3,699,0,2,10.51,0
0.6967739778697819,3,2,3,169,1,0,11.84,1
0.11340586641273957,23,4,3,684,0,0,16.01,0
2.2347712126266646,4,1,1,650,1,0,11.29,0
7.656329021790304,4,2,3,452,0,2,12.68,0
4.17563585401623,11,3,4,93,1,0,11.38,0
1.875489395772082,2,5,2,300,1,1,13.46,0
5.311527239748333,7,4,2,727,0,2,11.83,0
1.3199460919587747,21,1,7,542,0,1,7.22,1
0.07242930686019672,1,3,1,36,0,1,13.65,1
7.227109981674551,17,4,10,422,1,0,5.09,0
4.88741541994483,8,6,1,30,0,1,8.54,0
7.183784729547108,12,1,0,290,1,0,12.35,0
0.19858186663832364,6,3,3,76,1,2,10.97,0
9.073696303464502,9,2,3,31,1,0,9.44,0
4.8316898045698,8,4,3,564,1,0,11.9,1
4.143635930371261,21,4,3,388,1,0,10.08,0
4.899002886260929,14,2,4,506,0,0,10.71,0
9.991455584666099,4,6,1,451,1,0,17.54,0
4.420769803459724,11,0,3,625,1,2,14.05,0
4.348829704919095,0,3,5,233,1,2,11.18,0
23.37751105393526,11,2,2,256,1,1,16.02,0
7.067920140598498,21,4,3,180,0,0,11.45,0
2.919614941672946,5,3,2,276,1,0,12.28,0
6.144692688281089,18,6,1,46,1,2,11.09,0
2.4651779752405427,18,3,2,333,0,0,14.96,1
1.2995269560208722,15,0,5,543,1,1,13.91,1
4.542256167094156,18,4,3,226,0,0,13.41,0
13.168107520581172,2,1,1,475,1,2,16.05,0
13.235212029327808,22,0,1,370,1,0,7.73,0
2.092032018851315,9,0,5,90,1,0,14.68,0
3.750465962435363,17,1,2,296,0,1,12.19,1
1.1889761909378165,12,1,3,126,0,0,16.31,0
27.16623096007408,17,6,5,312,1,1,13.46,0
19.84770656162156,2,6,0,276,0,0,15.54,0
5.2421002494304805,22,0,5,64,0,1,9.31,1
8.158777018532883,2,3,3,498,1,0,11.92,0
6.27808801792394,22,2,1,97,0,1,9.38,0
4.496654568445091,11,2,2,218,1,2,14.26,0
0.2741186319598373,19,0,3,70,0,2,6.49,1
3.0326858939522596,6,3,4,637,1,1,10.2,1
5.616363904695659,23,1,4,712,0,1,13.89,0
5.658750875488164,7,5,3,96,1,1,13.04,0
2.3350216057317392,8,0,2,337,1,0,9.34,0
14.21007872475774,13,4,1,148,1,1,10.52,0
0.9157516941152922,4,3,6,712,1,0,8.01,1
3.469331657590699,20,4,5,215,0,0,10.16,0
5.870192960707369,18,4,0,99,0,1,15.75,0
5.972353891048593,20,0,1,700,1,1,14.41,0
5.229704854910359,15,3,3,313,1,0,9.48,0
1.609906194807168,23,4,5,648,1,1,11.24,1
0.8492378198547863,11,6,1,577,1,2,14.65,0
5.0521874374619475,20,6,3,377,0,1,12.58,1
4.572737712303205,3,3,5,224,1,1,14.96,1
0.9883294682328686,7,2,1,513,0,0,14.65,0
6.106258569092443,6,5,3,617,0,2,13.54,0
3.0364255764388965,14,4,2,309,0,0,16.15,0
5.509497301556076,5,4,5,377,1,2,11.7,1
9.081298204613951,4,3,4,621,0,2,9.7,0
0.930012186111506,13,6,1,507,0,1,15.69,0
0.09665252060320517,20,5,6,127,0,2,8.4,1
7.55028438535453,12,2,2,311,0,0,10.43,1
4.704165038596199,9,4,2,659,1,2,10.61,0
6.013860454390006,17,0,4,448,1,1,13.26,0
9.105580186750542,3,6,1,252,1,0,14.44,0
8.117961443897677,7,3,3,281,1,0,13.72,0
16.210741057540957,23,3,3,109,1,1,12.85,1
3.838654101381316,10,6,3,711,0,2,11.98,0
3.3519957766380086,16,4,3,442,0,2,12.24,0
2.5698795693722025,17,2,4,698,1,2,11.98,1
0.8343539423031892,20,4,4,422,1,0,9.6,1
4.250259296105759,10,6,3,363,1,0,9.02,0
1.6218168984630423,15,1,3,357,0,1,10.63,0
12.711037909505007,11,4,4,31,1,1,11.89,0
4.375633630557236,12,5,3,232,0,0,10.3,0
4.492747468663413,15,6,2,287,0,1,16.66,1
2.19194082082837,22,5,3,396,1,1,12.48,0
0.2669477234958443,20,6,3,175,0,1,11.84,0
0.16129260770302406,0,1,2,407,0,1,11.19,0
2.752470101567029,15,5,3,470,0,1,13.43,0
0.44178164933378405,14,5,3,484,0,0,9.18,1
4.667781584065128,5,0,4,436,0,2,11.43,0
10.64202484115725,11,3,7,48,0,0,7.53,0
10.724267725759072,7,5,3,462,1,1,11.84,0
5.380029890547041,6,3,4,458,1,0,11.77,1
1.1864141540467563,1,6,3,281,1,1,9.31,0
9.938756123270604,11,2,4,591,1,2,7.46,0
10.86188387330262,20,4,4,678,0,0,8.94,0
1.0948462850360547,13,0,2,250,0,2,14.16,0
6.686113292848202,15,6,3,142,1,0,12.35,1
1.6880012053853386,10,1,3,178,1,0,10.79,1
8.113636947089958,19,2,1,589,0,2,17.14,0
29.458819920511765,8,0,1,87,1,1,15.77,0
0.15243008731011756,9,0,2,226,1,0,14.49,0
11.382923547395158,16,6,2,678,0,2,10.95,0
4.8726527722878155,11,1,4,47,1,1,12.86,1
18.130954308603386,5,1,2,244,0,0,13.08,0
3.1275316100669692,18,3,2,665,1,2,10.96,0
9.399280356643363,10,4,3,45,0,0,11.39,0
0.32212767012842175,8,6,2,706,0,0,10.32,0
2.0419397528551704,20,2,1,689,1,2,11.77,1
0.3468390182076232,5,4,3,428,0,1,9.31,1
18.513499282987343,23,2,2,262,0,1,14.31,0
8.490632765453647,15,0,2,54,1,2,12.26,0
9.5712432743357,19,5,2,430,0,2,10.52,0
13.900301338964836,15,5,5,394,1,0,11.03,0
0.4447215984366044,5,6,2,324,1,2,12.4,1
2.435525893605109,4,1,2,466,1,0,14.5,1
0.36842048178420517,20,1,3,100,1,0,11.87,1
1.1836338190250637,3,0,3,588,1,2,8.73,1
1.3027071848820395,1,0,4,54,0,1,9.81,1
3.1659759108498404,5,2,3,403,1,0,9.29,1
1.5637152419979117,8,0,4,574,0,1,11.93,1
0.5322394599515666,16,6,3,487,0,1,13.77,0
0.9165567669698085,13,2,1,243,0,0,10.11,1
0.7965941795647717,6,4,3,240,0,2,11.35,0
18.073834164996214,21,1,3,570,0,2,13.91,0
7.1208640215077725,18,1,1,68,1,1,10.08,0
17.172964055921454,0,5,3,289,0,1,10.73,0
2.896775928236257,19,5,2,706,0,0,12.4,0
1.631203163910938,14,6,0,124,1,2,16.13,0
8.00470053659235,17,1,0,419,1,0,15.09,0
1.9745098602513413,2,6,2,249,1,0,13.9,1
1.7789721849606435,17,4,4,297,1,2,12.0,1
1.3231230349408831,1,4,2,523,0,2,11.65,0
0.6944657242346085,9,3,4,659,1,1,14.09,1
1.481684158781171,10,2,1,95,0,0,11.86,0
2.1950040958558246,23,5,3,416,1,0,6.04,1
5.604200656745553,2,2,3,222,1,0,8.0,0
0.3230384428183206,6,5,0,349,1,1,13.77,0
1.1818211763742075,7,3,1,576,1,1,12.54,1
8.278028148781994,18,1,4,204,1,1,9.73,0
0.7945210206221643,17,6,3,141,1,1,11.9,1
2.0976564723377953,12,2,1,337,1,1,15.6,0
9.99978591018371,12,5,1,369,0,2,14.11,0
0.8416513317584938,23,2,4,109,1,1,12.1,0
0.4318043191951981,18,1,3,507,0,2,9.44,1
3.3134584176867077,22,6,6,140,1,2,8.16,1
1.8006868796389461,11,0,5,516,1,0,11.4,1
4.143784966406359,16,5,3,482,0,2,11.82,0
8.143228290865643,21,0,3,442,1,0,12.55,0
0.7375633156735949,11,3,2,633,1,2,13.63,0
4.3458322076818146,12,6,2,215,1,1,12.73,0
3.521129218640965,11,4,1,582,0,1,16.36,0
0.7778847340567875,18,2,0,116,1,0,12.94,0
4.890810538759516,13,5,6,253,1,0,7.56,1
1.598550472856222,6,2,1,80,1,0,9.67,0
3.345535548474945,12,3,4,155,1,2,12.3,1
0.4292729095505401,5,3,4,175,1,0,9.66,1
3.0770808575299577,23,2,1,70,0,1,15.73,0
1.8297568147735686,18,5,5,384,1,2,10.5,1
8.640578305722409,18,6,2,474,1,0,11.72,0
0.2933321887280849,3,1,4,392,1,1,8.69,0
2.711644018475361,18,6,1,565,1,0,14.89,0
3.0664278999475174,8,1,3,313,1,0,11.49,0
6.455031385964184,15,4,8,65,1,2,8.14,1
4.269956097824136,3,6,4,306,0,1,12.01,0
5.501253208091015,5,2,0,725,0,0,14.53,0
7.504022719200143,7,2,4,354,1,1,9.1,0
9.909867500789174,23,5,6,695,0,2,10.24,0
1.8834808803283205,15,2,2,211,0,0,14.04,0
3.861197674587034,4,5,4,500,1,0,11.52,1
9.16628591119818,20,2,1,446,1,2,14.46,0
22.758683126428632,21,3,1,695,1,2,14.65,0
11.014572669368903,9,0,2,179,1,1,11.61,0
2.3218358210038934,22,2,2,433,0,0,11.53,0
1.085599383242565,12,0,4,543,0,1,15.25,1
3.3607707946998784,13,1,3,595,1,1,14.25,0
6.7670346863203505,6,4,1,470,1,0,13.1,0
3.3919733866756934,19,6,5,275,1,1,11.37,1
3.300311490037453,5,6,6,75,0,1,7.32,0
9.107911543049326,6,1,3,104,1,2,10.4,1
2.242414582282474,4,2,3,178,1,0,9.11,0
9.823236611522212,20,6,3,435,0,0,12.17,0
2.611158810307507,17,5,5,32,0,1,10.59,0
1.9892194104343908,22,1,2,38,1,1,14.57,0
3.025589128758565,11,3,3,543,0,1,11.18,1
7.186821742735029,5,0,4,267,1,0,12.93,1
0.6733861176990653,0,5,3,569,0,0,12.91,0
1.0933877928111206,3,6,3,319,0,1,16.52,1
15.125272562192738,18,5,3,210,0,2,14.93,0
0.964839911254856,11,2,0,344,0,1,16.98,0
4.193493406866942,14,3,0,295,0,1,15.67,0
4.329348380491145,2,0,3,112,1,2,9.81,1
3.3630423765726603,22,3,6,287,0,0,9.79,0
5.174600686113209,19,1,6,589,1,1,13.7,0
1.3056987900925896,7,2,2,675,1,0,13.41,0
4.022207082914743,10,5,5,228,0,2,8.36,1
2.3274551736404088,15,5,2,321,0,1,13.07,0
5.418627143872415,8,1,3,677,1,0,9.62,0
0.7612331381052285,2,5,0,112,0,0,12.29,0
4.230063296187814,4,4,2,295,1,0,13.23,0
1.024494725853495,19,2,4,446,1,0,12.28,0
1.6331060305257064,13,1,3,48,0,0,10.0,1
1.2340431183475278,14,2,6,559,1,2,8.08,1
1.0095882398980869,5,0,4,400,1,0,7.95,1
8.73520080051758,3,2,4,720,0,1,10.54,0
1.6823141569534437,7,2,5,52,0,0,6.11,1
13.094964595202686,18,0,5,414,1,1,9.4,0
17.52055868226091,4,1,0,648,1,1,14.16,0
4.2345285023925685,12,2,4,672,0,0,7.29,0
0.7715933519011431,15,3,2,551,0,2,10.39,0
2.3464053987741575,0,2,3,408,0,1,11.48,0
7.990815151086437,12,1,5,119,0,2,9.61,0
2.289511561743342,21,5,2,173,0,0,12.1,0
0.45519128802100783,10,6,3,650,0,0,12.18,1
4.068500491944789,20,0,2,233,1,2,9.06,0
9.325550766240665,7,5,6,585,1,2,10.62,0
7.9463725144594495,7,1,1,549,1,2,12.56,0
0.9626058227600851,23,4,2,421,1,1,11.21,0
5.585377667199042,13,6,3,330,0,1,7.87,0
1.245540299742289,12,5,4,534,0,2,10.26,0
1.2308298155587216,2,2,1,182,1,0,14.22,0
10.36021581868679,3,6,2,558,1,1,12.68,0
1.4362038674606603,19,2,2,368,1,2,12.74,0
1.5275152788324524,14,0,2,541,0,0,11.72,0
0.0032680215703518455,14,2,3,364,1,0,11.48,1
10.22690266644361,20,6,3,538,0,0,9.39,0
7.865404874322916,12,3,0,85,1,2,13.99,0
4.935295559612935,8,3,5,585,0,1,9.02,1
6.9367899115989875,9,5,4,580,1,1,8.55,0
0.8246595886831491,11,1,4,159,0,2,12.31,0
3.0654324691254775,13,0,0,127,1,0,10.85,0
2.1633032924217135,0,4,3,451,1,2,12.65,0
0.49234671797103785,13,5,4,109,1,0,11.97,1
3.3289295402065058,13,1,2,317,1,1,11.35,0
12.675086398529636,7,0,1,198,0,0,15.26,0
0.20441789380499487,15,6,2,108,1,0,11.3,0
1.722750267019295,13,0,4,100,1,0,9.58,1
1.1630721454153987,0,6,3,292,0,0,9.2,1
1.3600060034847197,15,5,2,559,1,2,12.38,0
11.953506411923291,17,1,2,239,0,1,10.48,0
3.156207996288356,6,1,3,146,1,0,10.02,1
3.1396014783062025,14,2,2,645,1,2,12.27,0
7.147588734519326,23,4,3,106,1,0,11.55,0
0.8390894505614923,16,3,1,344,0,2,15.71,0
3.339984135452396,18,2,5,40,1,2,11.86,1
2.8104648917574453,22,0,1,80,0,1,14.3,0
4.542985650204533,12,4,3,36,1,0,11.31,0
38.617647610312304,8,4,3,578,1,1,10.79,0
7.336413617363867,23,1,2,290,1,2,12.35,1
2.5363738693217295,23,4,2,603,1,0,11.29,1
8.788328196142539,14,5,3,541,1,0,10.2,1
0.9359169618058403,2,4,4,229,1,2,10.64,1
0.15468674449368608,23,0,3,359,1,1,9.84,0
1.1435976691547312,0,5,0,119,0,0,12.37,0
2.0806960416615414,15,5,2,620,0,2,14.31,0
3.5726790505528023,7,2,1,84,1,2,10.44,1
4.774237154703567,22,4,1,250,1,0,11.12,0
12.07349274895966,12,1,3,121,1,0,14.15,0
3.5652599627986885,7,6,2,615,1,1,11.62,0
3.4785086494797635,16,2,2,85,1,0,15.15,0
0.25774563461784317,21,1,3,208,1,0,9.27,0
0.1776776328235749,22,4,2,90,0,2,12.55,1
4.005443586682345,13,2,3,146,0,2,13.14,0
2.8828564838544906,20,4,3,619,0,0,9.79,0
9.137360039524067,20,0,2,265,1,1,15.75,1
0.8758137200227976,6,2,4,62,0,0,10.02,1
0.12644371955660194,14,1,2,596,1,0,13.42,0
2.9804541576218884,15,0,3,272,0,0,10.24,0
1.3556232430193662,18,3,2,103,0,0,15.38,1
0.2544372697534939,5,1,2,50,1,1,13.01,1
6.447622360550428,22,6,2,183,0,2,16.59,0
0.5916265380557515,0,4,3,283,1,0,13.96,1
4.6865441128329985,11,1,3,236,1,1,13.27,0
1.649815586056245,17,3,3,178,1,0,9.69,0
0.9527529148633623,15,1,2,724,1,1,12.57,0
2.388175558723339,11,0,3,331,1,0,10.97,0
8.083465242579141,19,5,1,326,0,0,13.25,0
2.4886715912187767,12,1,4,520,1,0,11.1,1
6.946888532959782,7,2,4,73,0,0,9.0,0
0.6704365744556661,21,6,2,173,0,0,12.09,1
7.408994031594318,0,3,1,273,0,0,13.01,0
1.352049330360584,20,1,3,448,1,2,9.58,1
5.656604087255282,6,3,3,546,1,2,13.2,0
4.171037708251309,14,5,2,91,1,0,12.84,1
13.235578763142398,21,0,4,567,1,0,12.43,0
2.4495830598328183,12,2,4,346,0,1,11.77,0
0.34227859051140086,12,4,2,464,1,2,8.97,0
0.09670664486445757,8,1,4,725,1,0,9.13,1
8.768232259392127,23,0,3,410,0,1,14.91,0
3.719420387367803,14,3,1,65,0,0,14.77,0
7.463700701425875,3,5,4,571,1,1,7.56,1
1.335644386220155,12,6,0,610,1,0,14.94,0
2.1162395363326136,11,3,5,261,1,0,8.34,1
0.15283148986313605,4,6,1,717,1,0,9.01,1
16.284488479234657,6,5,4,62,0,0,14.11,0
5.511112589061934,7,6,2,610,0,0,12.55,0
13.530641827008182,4,5,1,381,1,1,13.63,0
1.5428019610061596,8,0,5,284,0,1,7.49,1
4.726842243809473,13,1,3,79,0,1,9.29,0
5.673788183406287,11,4,2,52,1,0,9.22,1
1.9103278773241574,3,1,2,283,1,0,15.23,0
9.422968339540976,19,2,7,423,1,2,5.11,1
14.702572425907544,7,1,4,705,1,0,14.03,0
10.80782048718696,16,5,2,302,1,2,10.43,0
6.717457586923357,7,5,0,722,0,2,11.54,0
1.624944869983028,20,2,2,279,1,0,12.29,0
1.6537554628434192,0,3,1,266,1,2,11.83,0
16.53311742506215,19,5,2,261,0,1,12.59,1
0.051688733920392256,1,2,3,457,1,1,9.85,0
6.294785092121541,3,5,3,663,1,2,10.97,1
6.125065749837182,23,4,3,271,1,0,10.08,0
4.873434658081642,20,5,4,163,1,1,12.52,1
23.080572327089858,0,0,1,100,1,1,14.23,0
1.8689560884289393,6,2,4,494,1,1,11.3,0
2.0773640712701704,0,6,4,450,1,1,12.91,1
0.41114725022456916,8,1,2,339,1,0,12.93,0
2.924138463799997,2,2,4,308,1,0,11.16,0
1.5126151245955821,11,3,6,248,1,2,8.96,0
2.1033001078636575,18,5,6,726,1,0,7.77,0
8.996089781267631,14,2,2,336,1,0,10.97,0
13.704249918254913,21,4,2,343,0,0,12.69,0
1.0273352268225353,15,2,0,432,1,0,16.04,0
2.3301292081441805,9,4,3,517,0,0,12.74,0
13.199427710520375,21,5,1,434,1,0,14.33,0
0.31900575565085665,5,1,5,408,0,0,7.79,1
0.48454018310194,16,5,5,310,1,2,11.05,1
0.8884076272803241,20,3,3,666,1,1,10.8,1
4.521969331851857,21,0,2,720,1,1,12.75,0
0.8153734842803941,23,1,3,356,1,0,12.7,0
17.222045748766888,16,1,4,64,1,2,8.49,1
2.9594059254304432,20,0,2,99,1,1,12.71,0
3.480938595079946,18,2,3,389,0,0,12.07,0
1.4161839422852345,17,5,2,719,0,0,14.4,0
3.1834585638603845,10,2,2,437,1,2,11.37,1
5.422269456987178,23,2,1,590,1,1,13.08,0
6.955070145337542,6,5,1,609,1,2,13.54,0
7.009438188166358,9,3,5,548,1,0,8.97,1
4.312459857190263,6,1,2,635,1,2,11.33,0
11.735808918792035,4,4,5,413,1,0,8.85,0
8.502501435670823,11,0,2,110,0,0,12.14,0
7.074459290608738,15,1,1,467,0,0,16.69,0
0.28605660274103417,20,2,5,279,0,0,9.82,0
0.03450862210747384,17,0,4,67,1,1,11.78,1
1.1941248046516135,2,4,3,74,0,2,11.66,1
5.446136239986656,19,1,1,388,1,2,12.58,0
2.6483222338555295,14,1,6,166,1,1,9.15,1
2.5742205964007474,4,3,2,490,0,1,13.94,0
10.796186555842173,12,1,3,396,0,2,11.49,0
11.295849030154477,18,1,0,334,1,1,13.68,0
11.994118040788866,11,4,3,258,0,2,11.13,0
1.8834996801044137,22,4,4,212,1,2,8.81,1
5.87297321075241,20,0,4,496,1,0,12.88,1
1.5847524290519641,4,2,4,233,1,0,9.91,1
1.057370976056068,5,4,0,652,1,0,16.94,0
1.0205814740946557,6,0,4,97,0,2,11.29,0
2.0935695928863476,9,1,5,579,0,2,12.81,1
2.8102228482699436,15,0,3,334,1,1,11.2,0
8.887779231457117,7,0,2,633,0,0,10.93,0
0.6385481087491485,8,0,3,657,0,0,13.69,1
6.6387283549360445,3,5,5,124,1,2,8.88,1
3.7906147377303485,20,0,0,275,0,0,16.57,0
1.6980030230600378,20,4,4,714,0,1,11.96,0
3.394442448212634,7,6,1,108,1,2,16.13,0
1.7829609495077299,6,6,6,462,0,2,7.25,1
4.53271640550258,14,6,3,309,1,1,13.51,0
2.844427420597862,20,6,4,690,1,0,9.31,1
0.8980593310915677,2,5,1,398,1,1,8.41,0
0.6197901028445114,16,2,4,308,0,0,12.59,1
3.9559579776970217,10,0,6,380,1,1,9.19,1
11.635056661237526,8,3,2,255,0,0,14.32,0
2.1076499495978767,4,6,6,435,1,2,9.38,0
6.602535110824133,9,1,4,475,1,2,10.84,0
5.374401002359871,14,6,4,352,1,2,13.8,1
13.408617619868695,13,6,3,659,0,0,11.84,0
8.601317150779932,3,1,3,102,0,1,10.65,0
4.180531620112004,20,5,2,547,1,0,12.22,0
5.350568759519473,19,1,3,350,1,0,11.92,0
11.432892748977165,1,1,3,51,1,0,5.91,0
2.5501195976414404,11,5,3,208,1,1,12.58,1
1.9785247627584628,0,1,2,138,0,0,15.12,0
0.05434974021507358,23,0,2,401,0,0,12.3,1
8.759360493377885,19,6,5,726,1,1,9.16,1
8.07176738031259,4,2,1,485,1,0,13.98,0
0.5516113468993782,5,5,2,596,0,0,15.89,1
4.300229981594398,23,3,6,258,1,1,10.14,1
3.1179348664161926,10,5,4,560,0,1,11.23,1
0.6318375474465349,7,4,1,393,0,1,12.42,0
19.70422886118751,6,3,3,454,1,0,9.46,1
1.2084211585809954,3,4,3,245,0,0,11.65,0
0.3480055326070639,5,5,2,77,0,0,12.48,1
4.517457210631045,15,4,1,494,1,0,9.34,0
6.713620932495302,19,3,4,701,1,0,9.35,0
0.1649070104427652,14,0,5,302,0,2,12.32,1
5.375225527050153,13,5,2,637,0,0,11.88,0
3.7995542209415816,22,5,1,59,1,0,8.29,1
0.5449744983834416,11,1,4,662,0,0,14.0,1
0.9468751323152913,11,5,3,219,0,0,9.82,1
4.196350977771915,15,6,5,181,0,0,9.06,0
1.7574251281346513,14,6,2,405,0,0,14.52,0
13.928631509919766,12,5,1,284,1,0,11.72,0
8.539120402026764,10,0,2,683,1,2,8.46,0
20.542381689356006,16,1,1,63,1,2,13.64,0
1.5033018972719208,20,2,7,216,1,1,9.99,1
17.48693915561699,14,4,2,478,1,0,11.46,0
2.8214297415654244,13,3,6,115,0,0,8.95,1
2.13486472639357,9,2,3,702,1,1,9.24,1
0.25830642606752446,11,1,1,147,1,0,11.21,1
0.2710416837253274,15,6,4,652,0,1,10.16,0
5.888460209788519,14,6,7,87,1,1,9.7,0
3.0617913977190954,9,6,0,47,1,1,14.2,0
1.2842878401807567,3,0,5,169,1,0,12.04,1
4.7592049292871925,22,6,3,487,0,0,14.91,0
1.4575008823830735,8,3,5,671,0,1,11.77,1
4.3093886271036554,20,4,3,241,0,1,8.42,0
2.225257667094912,19,5,2,515,0,1,11.83,0
8.673651739398307,8,5,3,149,1,0,13.35,0
8.593367431283085,20,2,2,583,0,1,12.16,0
3.2442200837088957,23,4,5,32,1,2,6.76,0
2.160219394899083,19,1,3,258,0,1,10.5,1
2.251474024364912,10,4,4,258,1,0,6.26,0
8.192133421825595,10,0,2,372,1,1,11.85,0
1.9888203081482578,6,2,1,170,1,1,11.83,0
1.1726618780401754,20,2,5,86,1,2,9.28,1
0.44245330864340743,9,0,4,245,0,1,13.16,1
3.143291311554214,3,4,5,672,0,1,7.34,0
3.290175432324232,4,6,5,143,1,1,8.56,1
9.191385465563265,4,0,3,323,1,0,9.32,0
1.2502534699439356,10,6,5,57,1,0,12.14,1
2.3981795446533662,8,3,2,567,1,0,14.66,1
8.26187683183126,15,0,1,625,1,0,13.92,0
8.675674960755783,8,6,3,350,1,1,12.22,0
2.4275040713585487,21,4,6,602,1,0,6.8,1
3.0728263731820924,3,6,4,726,0,0,11.2,1
1.8069006287531844,1,0,1,542,0,0,10.96,0
13.482205126989522,13,1,6,61,1,0,9.28,0
0.6314669130403348,2,5,3,440,1,1,10.91,1
13.571555523709794,17,0,2,426,1,1,11.21,0
5.757952669500003,20,5,0,46,1,2,14.06,1
3.7918659851665666,5,0,4,630,0,0,12.15,1
0.16602135752814146,10,4,1,81,1,0,16.75,1
3.2274663257359943,20,3,4,399,0,2,11.9,1
2.619116181453349,17,3,2,193,1,0,16.96,0
0.8790270372663538,11,5,6,332,1,1,9.6,1
5.341525194576521,4,4,2,479,1,1,15.97,0
17.72838368881519,8,6,2,573,0,0,13.27,0
4.129837685176118,19,4,6,531,1,1,9.68,1
6.272003882624176,17,4,5,380,0,0,9.66,0
0.35452949668158545,18,1,1,408,0,2,13.8,0
2.7035641137150757,2,2,4,468,1,0,11.66,0
0.6185191239833109,8,0,1,230,1,0,10.37,0
4.744015841541465,3,4,4,136,0,1,12.2,1
13.942140179522912,16,4,3,534,1,0,8.63,0
5.420260016915131,16,4,3,413,1,1,13.0,0
0.39956342567061587,22,3,3,325,1,1,12.8,1
2.1899379219915143,22,4,1,57,1,0,16.04,0
3.999914802101498,1,0,3,366,1,0,9.88,0
2.5809311318943373,8,6,2,316,1,0,10.43,0
8.968126358031533,8,6,3,660,1,0,13.81,1
8.428113401910903,4,4,3,372,1,0,9.45,0
4.7315725948509915,14,0,1,60,1,2,10.85,0
2.337696901076391,14,1,3,695,1,0,12.02,0
1.4741133548511467,2,6,4,516,0,0,10.71,0
0.559544650176805,18,2,3,648,0,0,11.91,1
2.191731722567041,2,3,4,280,1,1,11.88,1
2.6651219939284987,5,0,4,392,1,1,11.89,1
5.632326925124914,3,6,2,136,1,2,12.24,1
5.367059868281256,23,6,2,535,1,0,12.5,0
0.36343489389965566,12,5,0,471,0,0,13.87,0
2.5147776669135355,12,1,2,146,1,0,12.47,0
1.003113227188961,10,2,4,274,1,0,8.03,1
0.8528308464195054,4,2,3,108,1,1,13.11,1
8.78105870859818,0,2,2,515,0,1,14.5,0
0.2140950231550728,8,0,6,52,1,0,10.47,0
2.7165966613329324,16,1,1,226,1,2,14.32,0
0.9208382334480892,21,4,2,390,1,2,10.42,0
10.573487596197598,0,5,6,729,1,2,6.37,0
4.07138482603557,2,1,1,456,0,0,14.86,0
1.315797039000406,14,1,2,246,1,0,12.46,0
3.4900678830690413,20,6,5,695,1,0,10.34,1
6.574267822364975,22,1,3,657,1,0,12.03,1
15.864496757970013,9,0,7,225,1,0,8.91,0
1.2451666157664185,7,5,2,596,1,2,13.69,1
10.865762977530828,11,0,2,716,0,0,12.21,0
13.613594879810318,21,5,1,472,0,1,9.39,0
12.409787685418447,14,5,0,488,1,1,15.38,0
5.044968972670079,8,6,2,488,1,0,13.56,0
4.968838365187657,23,0,2,513,0,0,9.81,0
2.580955236241663,9,5,4,173,1,1,8.47,0
6.979660926578272,19,1,1,343,0,1,14.97,0
3.7888980596113253,8,0,6,286,0,2,11.44,1
5.657300669910428,14,5,3,668,0,2,6.27,1
2.7970856970137055,22,2,6,503,0,2,10.08,0
6.574455979103181,20,0,5,714,1,1,9.56,0
8.699769781963521,20,6,1,635,1,0,13.35,0
0.7916752741484376,0,3,3,528,1,2,11.86,1
8.946703451395797,1,0,5,248,1,2,8.48,0
3.8858681584589765,18,0,1,593,0,0,14.51,0
9.310885282174668,13,0,4,560,1,0,9.42,0
2.8220261254884176,7,5,3,387,1,1,13.09,0
2.382446965136942,5,0,1,266,1,2,15.14,0
12.329093890356795,11,3,2,712,0,0,10.66,0
1.4462115619560123,14,4,3,304,1,1,9.9,1
9.296306291709906,13,0,2,701,1,2,12.63,0
3.308441917498218,20,2,3,606,0,1,14.61,1
3.6087152910890263,0,3,3,246,0,1,10.41,0
1.8442312989449157,10,4,3,588,0,2,10.79,0
4.255350505635326,2,5,3,426,0,0,12.24,0
1.9667776021999341,18,0,2,103,1,0,13.71,0
0.2003062856136337,17,4,1,705,1,0,14.25,0
1.5872615752575572,19,2,1,357,1,0,13.26,0
0.03199738222914365,1,3,4,437,1,0,10.19,1
19.16485480076762,6,3,2,177,1,0,13.06,0
16.869936262375717,7,5,1,115,0,1,6.8,1
2.5139177196934486,18,5,2,550,1,0,16.14,1
6.516587890408427,21,5,4,532,1,1,10.43,0
2.1217574292857035,14,4,1,261,1,0,13.56,0
5.55990360274469,9,0,4,527,0,0,15.0,1
8.184817523676712,21,1,3,452,1,0,10.12,1
14.664373762425988,0,3,3,496,0,0,16.26,0
2.5558973972415764,5,1,2,276,1,0,13.88,0
7.646160312407585,12,6,1,399,1,0,14.09,0
1.5457438820776304,13,3,3,542,0,1,12.89,0
23.19482619614794,2,5,0,134,1,0,12.32,0
0.13053725868436594,10,0,2,263,1,0,9.1,1
4.625759462519728,2,0,4,487,0,0,8.44,0
5.3867886040240585,18,3,1,286,1,2,15.37,0
5.824490590486503,9,4,0,504,0,0,12.13,0
0.6413694948500309,14,6,0,622,0,0,10.69,0
13.946012527945165,10,5,4,664,0,0,10.64,0
0.9994750205818287,14,0,1,201,0,1,14.35,0
4.874281012770188,23,6,3,302,1,0,11.68,1
1.259490644510413,12,6,4,223,1,0,12.01,1
1.8351880931945868,4,0,1,141,1,1,15.51,0
3.953342975723864,3,2,3,52,0,1,12.74,0
2.699499559696459,12,6,2,344,0,0,12.09,0
0.873109979039669,8,0,3,231,1,0,10.51,1
0.937292053855441,16,2,2,530,1,2,13.94,0
2.707668195564177,1,0,2,647,0,0,12.95,0
7.079295169368647,23,0,2,635,0,0,10.68,0
11.412179631090616,4,6,2,54,0,0,15.0,0
0.439391466498047,15,4,4,686,0,2,11.32,1
2.496988423583337,6,4,3,537,0,0,12.91,0
0.5281670073437332,0,5,2,395,1,0,11.62,1
0.08365838868808263,11,0,3,560,0,0,13.86,0
5.419387148993198,20,5,4,623,0,0,7.63,0
4.612165814772763,10,5,4,75,1,2,14.15,0
0.8897702242621857,11,5,3,64,1,0,7.72,0
1.3316439793397283,18,5,5,231,1,0,7.25,0
0.11996652324404326,11,3,0,564,0,0,14.5,0
9.007449453855672,11,6,1,394,1,1,12.14,1
18.382896273127106,13,6,2,499,1,0,11.74,0
0.7277858481349543,1,3,4,329,0,1,9.74,1
1.3164123188918735,1,0,3,445,0,0,10.03,0
10.140303165636087,3,3,4,375,0,1,11.43,0
13.049887246049575,19,0,2,378,1,0,12.3,0
2.7204246914178967,22,4,0,728,1,0,15.77,0
0.25974371557295006,15,6,1,219,0,1,13.36,0
0.20094344265427083,9,1,4,432,0,0,9.97,1
4.265991271765617,12,2,2,378,1,2,13.95,0
2.4952685018443055,1,6,3,402,1,0,7.94,1
0.1453546083980355,2,3,6,668,0,2,4.04,1
4.376372488848828,18,3,3,534,1,0,8.42,0
0.056834478312091166,5,4,2,320,0,0,11.71,0
7.741054610960924,18,3,2,140,1,0,13.18,0
1.829535884361161,20,0,2,584,1,0,7.06,0
0.20545391887733705,19,0,5,532,1,0,9.98,1
4.437936002857341,18,1,3,330,1,0,10.89,0
2.5348687125828055,7,1,1,675,0,2,13.47,0
18.210058226649917,13,6,5,42,1,1,6.18,0
3.9284911389096386,9,1,3,552,1,0,16.83,0
1.6095679171834023,2,0,3,131,1,1,11.67,0
6.179706380335598,5,5,2,226,0,0,9.97,0
1.5837833771435088,14,5,2,420,1,2,12.66,0
11.729722948735802,22,1,4,84,0,0,13.79,0
2.347794404863573,22,1,3,212,0,0,9.03,1
3.9910782807304046,17,0,6,48,0,2,6.21,0
0.25948371804906173,13,4,0,392,0,0,13.76,0
2.776685604582263,18,6,3,502,1,1,11.53,0
8.929787854022802,9,3,4,38,0,2,12.22,0
8.190442374357614,14,6,2,689,0,2,15.35,0
1.270066785346775,3,2,2,54,1,2,13.96,0
1.281427847696821,22,5,2,335,1,0,9.62,0
8.499694460871767,1,5,2,613,1,1,10.26,0
13.324840065913936,2,0,1,463,0,0,11.6,0
0.5010961143187671,6,6,5,451,0,2,11.56,1
2.9897181178911145,22,0,2,86,1,0,13.61,0
2.058328553094283,15,2,2,563,0,0,14.92,0
10.227653561256954,9,6,1,577,0,2,14.32,0
0.43610198332734024,18,2,6,208,1,2,7.95,1
1.1857429694568054,16,1,2,97,1,2,12.01,1
6.981083881060721,18,6,2,525,1,0,9.48,0
0.2632808448768751,4,2,3,30,1,0,12.86,1
3.3916414309481366,22,3,5,77,1,2,8.75,0
2.9179407671138495,19,3,1,446,0,0,15.65,1
2.035340803969688,12,5,6,693,0,2,10.4,1
2.5091007693553884,12,3,5,226,0,1,13.88,0
3.7744809074023227,10,6,6,599,1,2,10.04,0
0.8799126053415917,10,3,5,77,1,1,10.8,1
4.243112266340942,15,3,3,384,1,2,11.23,0
8.18487627548699,14,1,3,263,0,0,10.83,0
7.1389356067275,16,5,2,466,0,2,11.88,0
0.835588052049445,21,0,3,729,1,0,13.6,1
0.808181711588561,17,5,6,655,1,0,6.5,1
1.5610650034924265,18,5,5,119,0,1,10.13,1
2.23983887036828,3,5,2,398,1,1,9.07,0
2.62509251776947,21,2,1,198,0,1,13.95,0
5.692442665775756,21,0,7,392,0,0,7.48,1
0.2917508476068961,22,2,4,206,0,1,11.81,1
0.1764403427101483,4,1,2,529,1,2,10.92,1
2.4871665370648692,6,1,3,162,1,1,11.09,1
5.972814287665406,1,4,5,201,1,0,11.26,0
1.0748560735327195,0,4,2,559,0,1,12.65,0
5.129195595190131,11,1,2,470,1,2,15.49,0
1.504364368611164,9,1,3,141,0,2,10.64,0
10.861562282352137,7,2,5,69,0,0,8.86,1
11.301937549945613,0,1,3,131,0,0,14.07,0
1.764035057938895,11,6,3,398,1,0,10.87,0
1.306783262156281,1,0,2,203,1,0,11.57,1
2.649226550765014,9,2,4,370,0,0,11.57,1
1.3756827230918525,21,1,7,225,0,1,8.07,1
5.5795630490897095,16,2,1,613,1,1,12.58,0
8.745358995806876,2,2,3,211,0,0,10.21,1
5.590384468442902,6,3,3,352,1,0,14.32,0
8.696322232633,11,4,3,142,1,0,11.3,0
2.529125421709347,7,2,2,704,1,0,11.28,1
0.8498920631877976,19,5,1,580,1,2,12.61,0
6.6961178453594625,11,6,4,264,1,0,11.51,0
2.2351439594779685,2,6,4,534,0,1,13.72,0
5.562605221006178,16,2,6,100,0,0,8.86,1
1.577966232167478,8,5,3,248,0,1,9.87,0
0.4235953125196913,9,6,3,546,1,1,15.44,1
24.519091152837706,21,3,3,194,1,0,11.87,0
0.8492078318230081,5,1,3,542,0,1,11.39,0
22.292808225093893,0,2,6,410,1,0,9.34,0
18.92253358553752,21,3,5,213,0,0,7.51,0
7.894982545309381,11,0,5,398,1,1,9.91,0
5.385569647955132,4,3,3,477,0,1,13.12,0
4.311464212746629,12,4,4,37,1,1,13.24,0
10.053367838174587,14,4,2,649,0,0,11.68,0
1.7085060709710604,21,1,1,411,1,0,13.58,0
3.1525637222570446,10,5,1,411,0,0,15.68,0
4.829899848381276,7,1,3,477,0,0,11.68,1
2.6482626810245047,4,6,0,726,1,0,15.44,0
2.7885944142798054,1,5,4,183,1,1,11.65,1
2.0045126687582964,11,5,2,63,1,1,11.07,0
4.153224333367971,1,5,6,526,1,2,7.37,0
9.504787628013318,15,5,4,51,1,1,12.92,0
1.1252792555119295,20,4,2,409,1,0,7.05,0
13.623416747176256,2,6,5,177,1,0,8.66,0
5.841221256891201,9,4,1,692,1,0,10.41,0
8.665751567050782,18,2,7,608,1,0,10.52,0
4.061801483558453,7,6,2,619,1,1,15.13,0
7.559666651918516,6,4,1,580,1,2,11.75,0
0.08166529251670321,0,1,5,706,1,1,15.53,0
8.529205127799829,11,4,3,128,0,0,14.35,0
0.20483324931462432,4,6,1,670,1,2,13.59,0
11.032438677425304,15,6,6,560,0,0,12.2,0
24.118339752657153,3,1,5,300,0,2,8.72,0
1.7411780077289922,16,0,4,30,1,2,10.25,1
1.180628253236455,23,6,4,316,1,0,11.73,0
7.248585953335793,20,4,3,209,1,0,10.22,0
1.4586267837357858,1,1,4,285,1,2,8.23,0
10.033275014712986,11,5,2,203,0,1,10.52,0
0.5426197488699128,0,6,3,79,0,0,11.21,1
0.6731182095832187,11,3,0,561,0,1,14.94,0
19.352379593401782,11,5,3,646,0,1,10.92,0
5.601819212974187,11,2,3,219,1,0,8.32,0
9.382902669376879,18,6,2,72,1,0,13.34,0
1.9602478314211715,16,1,3,546,0,0,14.15,0
5.642529664908359,19,5,3,95,0,0,10.28,0
4.509989653028422,23,4,1,425,1,0,16.53,0
4.62098603068179,23,4,1,280,1,0,14.94,0
5.7368985032009885,10,6,1,157,0,0,11.09,1
4.282557903060909,12,0,2,726,0,0,11.1,1
2.8023765174638857,7,3,2,217,1,2,11.77,1
1.6142855828953255,9,6,1,212,0,1,12.83,0
7.317633943115004,7,1,3,612,1,0,6.72,0
1.282677220495336,19,5,3,607,1,1,10.09,1
5.894032514100096,7,3,0,696,1,0,12.89,0
1.328512498118268,8,0,2,441,1,2,16.18,0
4.908550470250956,6,6,2,108,0,1,12.85,1
6.873375971781753,13,2,6,48,0,0,7.6,1
1.2340692840005447,1,3,4,507,1,2,9.92,1
0.30907543652254077,10,0,2,74,0,1,13.25,0
0.7019096948831864,7,6,5,251,0,0,9.24,1
4.65698336216083,12,6,2,158,0,2,11.23,1
9.46718076685544,20,1,5,647,1,2,8.89,0
0.23020304978826278,14,6,3,662,1,2,12.56,1
6.6241388747645065,2,2,2,259,0,0,9.64,0
2.0875769546610865,22,6,2,256,1,2,10.23,1
3.2555020331688795,13,4,4,426,1,1,8.94,0
13.215495923778766,14,0,3,304,1,1,9.39,0
2.017122243871152,1,4,4,167,1,0,9.15,0
3.130592567736234,18,6,7,202,1,0,10.19,1
0.06888440838807922,11,2,4,356,1,0,12.87,0
0.42560429847425785,19,0,5,244,1,0,10.54,1
1.496018232280249,3,0,1,257,1,0,13.63,0
0.14123735229361165,2,6,2,136,0,0,11.06,1
4.989881481727823,4,2,4,188,1,2,6.64,0
2.7791006249478594,2,1,0,165,0,1,14.29,0
3.9719719786681287,14,0,3,59,1,1,12.2,1
0.959721653030698,18,2,1,127,0,1,11.85,1
1.7544018919447144,1,3,2,638,0,1,10.25,0
5.45060929574356,11,4,2,552,0,0,9.85,0
16.805470429497532,4,0,3,371,1,1,11.94,0
0.25866049851739886,21,3,3,197,0,1,11.76,0
11.053874284050591,16,0,3,240,1,0,13.99,0
4.300511457011099,13,1,3,713,0,0,9.99,1
4.14964286364568,21,6,2,661,1,0,11.82,0
3.4685220309841935,9,2,3,214,0,1,11.63,1
0.3595969222453063,2,0,1,461,0,0,12.1,0
0.4708768043237807,3,2,3,453,1,1,13.28,1
4.592866746058765,5,5,3,68,0,0,14.08,1
2.0848444032609996,23,0,5,416,0,1,7.79,0
12.460748078922748,21,1,6,480,1,2,8.28,0
2.609353123868731,15,1,1,144,1,2,15.85,0
0.7732291877534686,6,6,2,430,1,1,13.05,0
6.271400179587881,14,6,5,333,1,0,10.23,1
1.7361231347784893,20,3,3,632,1,1,12.28,0
3.727155430950427,19,1,3,338,1,1,12.91,0
5.983873622284977,10,2,3,602,1,1,12.38,0
11.526148494521472,21,5,0,132,1,2,14.43,0
7.85568413893404,20,1,0,131,0,0,14.02,0
5.6406339580879985,0,0,1,684,1,1,15.9,0
5.691443173395632,4,1,3,119,0,0,11.07,0
14.586883621545695,12,5,4,147,1,0,10.8,1
1.7536354626184048,20,2,3,168,0,1,14.7,0
0.005563565158914325,13,0,2,332,0,0,13.05,1
1.586959071621656,8,3,3,677,1,1,11.47,1
1.2288082367478783,16,3,1,546,0,1,14.46,0
5.421100550295199,14,3,1,238,0,1,13.65,0
5.0216713854517625,20,6,1,116,0,2,11.72,0
4.500381775050319,6,0,3,348,0,1,12.09,0
0.08188407087170259,21,3,3,662,0,2,9.98,0
6.524089030112638,21,6,3,274,1,1,15.25,0
1.9543389400724234,11,1,5,119,1,1,10.48,1
5.468959462440756,22,0,5,507,1,0,8.12,0
4.066171663925939,5,0,5,681,1,1,9.21,0
2.0983089700116713,20,0,3,141,1,1,13.12,0
0.7226801368761621,15,4,1,423,0,1,11.02,1
0.49589219654450334,4,6,2,269,1,1,17.84,0
8.904641684810152,8,2,2,301,1,2,9.49,0
12.52947947958093,13,4,0,172,0,0,15.85,0
5.246083635576149,7,4,2,148,1,1,11.43,0
0.5459174856321205,13,4,2,625,0,1,10.78,0
2.5710501962915,11,2,1,280,0,0,14.28,0
6.527060647052451,9,4,2,307,0,2,11.49,1
7.566569501452846,19,3,2,192,1,1,15.58,0
0.6290556238939529,19,0,4,683,1,0,8.0,1
0.00015359658607904747,20,0,1,379,1,0,14.32,0
6.2263538292630916,12,6,7,60,1,1,7.85,0
2.2049136037394086,18,1,5,487,1,0,10.59,1
1.4683755183333849,14,5,2,120,0,0,13.43,1
0.06490682142417693,7,3,1,157,1,0,9.74,0
3.885899428401247,22,2,2,577,1,2,12.87,0
9.524105661256394,20,5,4,538,1,1,12.98,0
15.806767848868619,9,0,1,266,1,0,14.13,0
4.170616230474973,2,4,3,562,1,2,10.86,0
3.612481699611379,20,6,8,637,1,2,4.77,1
0.44446419545465066,2,6,2,80,0,1,13.42,0
3.980029713766818,4,1,3,498,1,0,15.35,0
2.390010289540501,15,1,2,417,0,1,13.72,0
4.671449762695824,16,0,2,91,1,0,14.72,0
2.4610527213058946,5,3,4,372,1,1,12.67,1
1.3741525333169737,19,6,9,182,0,0,6.01,1
0.49890983052460547,19,5,3,683,1,1,11.78,0
1.8910869440627924,15,1,5,70,0,0,11.74,1
0.5081974269170653,23,0,3,515,1,1,8.44,1
0.9733693725394515,1,3,1,707,0,0,14.5,0
21.845022392779452,19,0,2,586,0,1,14.92,0
2.9358662775402444,14,0,2,411,0,1,12.3,1
3.7950650870105034,17,3,5,125,0,0,11.63,1
10.34225198062674,0,3,5,322,0,1,8.89,0
27.095537647438405,18,3,2,264,1,0,12.48,0
4.369922588900713,11,0,2,370,0,1,11.85,0
8.369184111100193,7,1,6,567,0,0,10.12,1
1.979611610881493,5,2,2,379,1,1,12.19,1
1.824572245600824,11,2,6,236,1,0,5.85,1
2.5767100447724607,6,0,3,520,1,0,10.16,0
5.581447001277347,17,0,2,410,0,0,16.29,0
5.73153437178218,21,1,3,170,1,2,12.74,0
1.8934302072868179,13,3,2,628,0,1,8.2,0
0.7147922927547222,7,0,5,639,1,2,12.42,0
5.003748524175631,23,6,1,52,1,2,10.89,0
0.6866981004259967,19,4,4,393,1,2,12.59,0
4.3195886381389625,21,3,4,177,0,1,13.38,0
5.911417437719912,13,6,5,595,0,0,10.2,0
6.030066029224481,4,0,4,580,1,2,8.81,1
7.001400752795063,8,4,3,534,1,0,10.17,1
10.312309439492243,7,6,3,247,0,1,12.86,0
3.4653258392632806,1,5,2,511,0,2,10.13,1
6.551283351620554,15,1,1,445,1,0,12.04,0
4.8270469016198145,12,4,2,354,1,0,13.43,0
1.0329069449920911,6,0,5,518,1,0,8.7,1
0.13012693165001155,15,2,4,437,0,2,13.64,1
1.6741576163774035,6,6,2,173,1,2,10.32,0
2.9262527747851665,13,0,3,240,0,1,5.02,1
4.799984726871559,13,2,2,695,1,2,10.84,1
9.484244458281704,11,1,6,288,0,0,9.82,0
1.0923083715377213,0,1,4,256,1,0,12.53,0
0.6707996070995724,0,3,6,623,0,0,8.38,1
16.549468924924888,11,6,3,401,0,0,11.05,0
0.5716955105387433,19,3,0,420,1,0,13.94,0
3.255144406058838,20,2,2,117,1,0,15.88,0
4.404180324119707,14,2,5,429,0,1,10.76,1
3.8976056681816296,3,1,4,338,1,0,9.81,1
0.4497994544815265,6,4,2,33,1,0,16.5,0
0.2935876879348118,15,2,1,202,1,2,13.22,0
0.5573592452565576,2,2,4,573,1,0,6.65,1
4.404469340469416,6,6,6,255,0,0,6.43,1
3.930095440814525,23,4,8,368,1,0,8.72,1
1.3311738744306478,21,3,2,235,1,2,8.85,0
5.07743672079194,5,3,1,131,1,1,14.2,0
8.575867549232841,15,2,3,87,1,1,10.04,0
0.21234049223217102,23,6,2,179,1,0,14.76,1
3.4470702224380823,7,3,4,281,0,0,11.14,0
5.844804874504961,22,3,2,508,1,0,9.13,0
1.4538470139077937,21,5,6,585,1,0,11.03,1
1.8391915821910132,5,6,2,457,0,1,15.13,0
4.754901370388994,9,3,0,571,1,2,11.45,0
11.410741444139767,15,1,4,553,0,0,9.19,0
8.301667490193985,10,0,3,520,0,1,12.6,0
4.374906909849152,12,2,3,555,0,0,12.96,0
6.550774171064458,5,2,1,321,0,0,17.91,0
2.2692537234359955,23,1,5,74,1,0,11.78,0
5.121684365473223,0,0,4,229,1,2,15.6,0
3.138497780730898,20,0,2,53,0,0,12.44,1
1.0532109527205673,18,1,4,660,1,1,11.57,0
6.048919511776899,11,4,4,416,0,0,9.66,1
4.064888725041598,23,4,2,619,1,0,11.35,0
2.2206782024312566,5,0,4,464,0,0,11.09,0
12.114686572842846,17,4,3,271,1,0,10.43,0
0.10578171669846345,12,4,3,232,0,2,6.47,0
1.8973288306166458,6,4,1,266,1,1,11.87,1
0.29281616538810595,22,0,4,323,1,0,12.95,1
7.273450973382179,12,4,3,377,1,1,11.75,0
6.05511220888673,20,2,2,116,0,0,12.56,0
2.01248921450785,7,5,3,239,1,1,10.07,1
5.629859393851313,20,0,3,638,1,1,12.27,1
2.520385781542645,16,1,2,31,1,0,15.72,1
7.058138618893652,8,4,4,258,1,2,13.6,0
3.027363692319362,19,3,0,439,0,0,14.73,0
2.657520859413309,12,0,1,272,1,0,11.49,1
13.646107357671353,1,6,4,497,0,1,14.33,0
1.4442744656237738,3,1,2,487,1,0,14.52,0
0.641709208320572,1,5,5,583,1,0,7.04,1
4.3918821621381,3,2,3,242,1,0,8.09,1
17.421016873840983,17,6,6,415,1,2,6.35,0
2.3727836040856705,4,1,3,441,1,0,10.61,0
0.32022262189049183,18,4,3,544,1,0,13.4,0
2.0723168614733036,9,3,3,557,1,0,13.36,1
3.5254070989203523,17,4,2,417,0,0,13.08,1
0.8832265259667211,20,1,3,308,1,1,11.32,1
5.3662173490006815,9,0,1,131,0,0,17.94,0
30.4827677430358,4,6,5,618,0,1,10.07,0
3.0050234810604626,16,3,2,419,1,1,12.23,0
2.190421042184496,21,6,0,231,1,0,12.98,0
2.5599996218896064,12,6,9,596,1,0,11.22,1
0.6116641047236742,22,3,3,421,1,1,13.04,0
10.739612782062924,16,1,5,383,1,1,7.93,0
2.679227257005046,8,5,1,622,0,2,10.89,0
2.4491904824707107,23,5,4,264,0,2,7.44,1
5.389495570383879,11,4,4,143,1,1,10.61,1
2.9172810626817514,13,1,3,96,1,2,8.6,1
5.223937935496715,13,3,4,69,1,1,8.46,1
0.31707597555369554,7,1,2,132,0,0,14.54,1
8.402611555044055,22,3,3,440,1,1,13.38,0
14.109227017926973,4,6,5,324,1,0,12.98,0
5.23150431653046,18,4,2,594,0,0,9.46,0
15.457464948642112,13,0,3,593,0,0,9.6,0
0.821027132820909,8,6,2,66,1,0,11.14,1
3.2448495254896397,6,0,4,96,0,0,14.08,0
4.604088992289922,7,1,1,432,0,0,13.33,0
4.358220073750816,13,3,1,703,1,0,16.84,0
2.5663244742597886,21,0,3,235,0,0,12.85,0
2.0630861888517344,13,6,2,370,0,1,12.18,1
0.6780908281102243,10,3,3,81,0,0,12.75,0
2.485784428303406,13,4,5,455,0,2,6.54,1
0.8876302587856959,20,6,2,238,1,2,8.29,0
6.628173198274331,7,1,1,543,1,1,13.72,0
1.171217994501808,2,3,4,670,0,0,10.83,1
0.3017514815596711,22,1,3,207,0,1,15.47,1
4.018898263146921,17,3,6,705,0,0,6.44,1
4.522178070501361,2,6,3,51,0,1,12.34,0
10.275230184371686,12,5,4,398,1,0,12.19,0
4.301698157094419,11,5,1,111,0,1,13.89,0
2.119272203863632,14,3,6,193,1,1,11.4,1
8.123059321896786,17,4,4,406,1,1,9.54,0
3.88567631452346,4,1,4,32,0,1,12.46,1
0.41299807730871935,6,2,4,713,0,0,11.92,0
4.171832365373017,10,3,4,147,1,1,13.13,1
11.93084151461727,10,3,1,685,1,0,12.18,0
2.523494034643559,14,5,2,424,1,0,10.03,0
1.7571990836621987,9,0,5,295,1,0,8.74,1
0.7743265081481421,14,6,2,464,1,0,10.27,0
0.8211049561248339,12,5,5,711,1,0,8.87,1
2.8349651529765896,13,1,2,256,1,1,11.73,0
4.527741002215417,16,5,0,405,1,1,12.18,0
0.4202537571378502,12,2,3,291,0,0,11.62,0
14.031231299839462,9,4,4,395,1,0,8.44,0
7.035212972685244,0,6,1,457,0,1,13.05,0
4.416987454458694,0,2,1,37,0,2,12.21,0
8.814072362234402,14,4,4,70,0,0,10.56,0
0.41792313040271084,15,2,3,286,0,1,12.39,1
3.2393289459699313,11,6,3,672,1,2,10.76,0
4.972519996224426,23,5,3,593,1,0,10.04,1
8.820319954677121,5,2,2,131,0,0,11.09,0
7.650120705942749,5,5,2,248,1,2,14.45,1
1.622209212401905,11,6,3,273,1,0,14.15,0
14.140944351988985,14,5,2,332,1,1,11.37,0
0.6639203107611319,3,1,4,399,0,1,10.49,1
10.402555311912373,23,5,2,304,1,0,8.99,0
17.692006050808832,3,0,3,99,1,0,11.24,0
0.9749281834062135,1,2,1,76,1,1,10.3,1
6.401859172767059,23,6,4,146,0,1,9.82,1
0.20559727075366543,11,3,2,619,0,0,14.55,1
2.599523782700057,6,3,4,546,0,1,7.8,0
3.63127936279084,19,3,3,283,0,1,9.8,0
4.345190005579129,8,6,4,648,0,0,9.01,1
13.73946089939274,8,0,5,202,1,1,6.66,0
5.577531266739928,7,5,5,458,1,0,11.73,0
3.2819354537865886,13,2,3,65,0,0,12.15,0
8.295111661685224,0,4,2,436,1,1,16.02,0
15.03222939453051,22,4,2,445,0,0,10.41,0
0.1115662396212134,20,6,1,714,0,0,9.66,0
20.233853474649187,22,1,3,441,1,1,13.48,0
0.45034645129652107,11,0,3,517,1,1,10.88,0
8.420451143894018,1,2,1,721,1,1,12.27,0
1.6448455459329534,12,5,0,350,0,2,16.96,0
0.7088528236200342,3,3,2,102,0,2,12.74,0
2.897803711244036,19,0,1,598,1,1,15.01,0
5.163512938618986,17,0,5,607,1,0,8.75,0
2.397861072654757,18,2,4,673,0,1,9.35,0
0.28055285894074267,15,6,3,442,1,0,10.87,1
4.574722438072682,13,5,6,153,0,1,10.54,0
11.63455676417099,7,6,5,414,0,1,10.1,0
2.4161768470458904,11,6,3,633,1,2,12.54,1
1.2188540500236045,8,1,6,682,1,2,3.99,1
2.9221576118598263,5,6,4,261,1,1,7.04,0
0.24785657895075933,17,5,1,611,1,0,8.89,1
8.58755453102469,1,1,5,462,1,1,9.24,0
8.753302920593066,22,1,8,520,0,0,4.8,1
4.433665272312192,7,3,2,716,1,2,15.78,0
2.1778401088064516,23,3,2,115,1,1,12.36,1
8.041776604383907,13,2,4,59,1,1,11.23,0
4.04488964471862,5,5,4,696,0,0,8.62,0
8.741555120494631,9,6,1,229,1,0,10.96,0
4.991013744319403,7,1,0,185,0,1,17.1,0
7.671779131143475,16,2,3,561,1,0,15.16,0
4.563523262969475,11,1,2,181,0,0,13.23,0
2.673381245644393,16,0,6,106,0,0,5.14,0
15.84398720715974,12,4,2,357,0,2,11.55,0
3.8947654208016464,18,4,2,201,1,1,13.03,0
4.6454808449092475,11,1,3,434,1,1,11.14,1
1.2454336677053621,15,2,4,435,1,0,6.56,1
4.912830995511571,4,3,4,727,1,0,14.5,1
4.238578982519362,15,5,1,391,1,0,11.53,1
1.0218445033475796,5,1,2,157,1,1,9.72,0
0.3071812101437328,10,1,8,552,1,2,7.54,1
4.63624426328421,16,5,3,365,0,0,13.97,0
7.213101899608106,22,6,3,722,0,0,12.63,0
3.7054029539204594,13,3,3,294,1,0,8.97,1
1.28591063938457,5,1,2,224,0,1,9.44,1
5.490891564641547,22,0,2,129,1,2,8.02,0
0.4174826788535746,10,3,2,593,0,1,11.82,0
2.9154917046590194,11,0,1,400,1,1,12.25,0
0.8918474329972349,12,4,5,457,0,0,11.03,1
1.01951822444556,3,5,6,616,1,1,7.83,0
1.1300755336683301,6,3,3,162,0,0,13.55,1
2.44456286545864,1,6,6,285,1,0,10.51,1
0.2625238534351172,5,3,2,479,1,0,10.94,0
2.535773855728796,5,2,3,433,0,0,12.38,0
3.5842027956804334,17,2,2,684,0,0,15.06,0
3.301408915541284,19,5,3,609,1,1,9.68,0
2.4126819898719316,7,6,5,83,1,0,9.57,1
9.13630968994574,7,3,3,436,0,2,11.13,0
0.7851798973052821,7,4,3,414,1,2,10.88,0
3.523030355778842,7,6,3,271,0,0,13.2,0
0.32024742744328527,0,1,5,76,0,0,11.76,1
0.36907065521960813,1,5,4,144,1,1,11.61,1
4.265005377121246,11,6,3,159,0,2,12.32,1
4.17376599720744,14,5,1,586,1,0,12.08,0
10.520044837154769,3,6,4,184,0,2,11.46,1
4.080798180319574,2,2,1,524,1,1,10.63,0
16.068324676437612,13,4,7,111,1,2,13.36,0
0.2496019672895963,21,5,5,698,1,2,12.7,1
0.515746393341898,22,4,4,54,0,0,12.71,0
0.22533130580002528,7,5,7,363,0,0,9.22,0
1.0245345855551027,12,2,4,211,1,0,11.62,0
3.8964685956963043,22,1,7,461,0,0,5.02,0
5.186252842440848,18,2,4,203,0,1,8.28,0
0.2332842856698219,21,5,3,70,1,2,9.33,1
14.591161503671442,4,4,1,474,0,2,13.32,0
9.231037408879372,12,0,3,424,1,0,11.04,0
1.7592365228022988,19,2,1,317,1,0,14.82,1
0.40164619899309467,0,4,4,590,1,1,8.87,1
0.9309676554186964,15,6,3,291,1,0,13.65,1
0.6787802624741863,22,6,3,86,1,0,9.96,1
0.6578595928071695,23,2,3,35,0,2,10.76,0
3.654885868187863,1,5,2,588,0,2,14.19,0
1.4108030026485472,6,6,4,604,1,2,11.81,1
2.2169231298440146,5,4,6,608,1,0,6.7,0
22.784440461143088,4,1,1,724,0,1,15.33,0
5.765040094108894,3,4,6,191,0,1,9.38,1
14.877753202898802,1,6,7,326,1,0,4.12,0
0.7690002775422554,9,6,2,646,1,2,10.71,0
2.4074626721351446,21,3,3,86,0,0,10.78,1
4.045392445534944,4,0,1,557,1,1,10.86,0
0.3993197868156231,17,5,2,88,1,1,15.09,1
0.020981177611591673,9,4,2,195,1,0,11.65,1
5.549898272229315,22,6,3,575,0,1,12.52,0
5.1335913830304,21,5,3,75,0,0,12.01,0
2.644853013599927,14,2,4,76,1,1,12.21,0
3.36323453271286,8,2,0,419,1,1,17.35,0
2.6845049229518643,10,4,2,281,1,1,13.75,1
0.12148930740427533,20,3,3,195,1,2,15.09,1
2.0426360042939256,16,6,4,397,0,0,12.2,0
0.974495145523542,20,4,1,408,1,0,13.46,0
0.5180557284981379,8,1,1,346,1,2,13.84,0
15.700373348319916,22,3,3,161,1,1,6.35,0
4.5734566210709096,15,6,3,418,1,2,10.69,0
6.52184468947754,5,6,3,611,1,0,11.31,0
1.8943379691203739,21,5,4,601,1,1,11.68,1
2.4973445263356515,10,4,2,377,1,2,12.35,0
1.3519881892232561,22,6,4,647,1,2,11.47,0
0.5099735481909057,16,5,5,526,0,2,7.35,0
0.9863535276191765,3,6,5,725,1,0,6.84,0
7.985423771649214,14,0,5,540,1,0,7.63,0
5.658970922056746,0,3,1,548,1,0,16.34,0
3.9585307958439078,21,4,1,481,1,0,10.66,1
3.2226410872873563,19,0,1,572,1,0,11.62,0
12.783148745537638,0,4,5,245,1,2,10.21,0
0.3775791477930543,8,1,5,499,0,1,6.82,1
1.646694390801953,11,2,5,333,1,2,8.26,1
2.1534365538578975,3,5,1,327,1,2,14.55,1
7.626076966689729,21,4,2,375,1,0,11.52,0
24.474017579172465,12,3,3,315,1,0,14.97,0
1.3765974568914325,6,4,3,155,1,0,8.2,0
10.369577557225977,7,4,3,80,1,1,10.91,0
8.878134324463295,12,4,3,448,0,0,10.72,0
1.2722513987642767,10,6,1,80,1,1,13.18,0
2.5485693782618823,8,4,2,500,0,0,9.95,0
2.6353921845581683,23,6,1,405,0,0,12.04,0
19.133969282322006,15,3,3,394,1,0,13.18,0
0.9976960764521801,9,3,6,261,1,1,8.66,1
8.026183029095836,10,4,4,719,1,2,8.66,0
2.0337750546744755,11,6,5,699,0,2,14.16,1
6.562810147679964,13,2,3,688,1,2,11.7,0
2.7237307427260844,18,4,1,509,1,0,14.43,0
4.318014238904101,11,5,2,335,0,1,13.93,1
8.937197269513216,17,5,5,467,0,0,9.86,0
8.152428480167739,20,3,7,280,1,0,6.82,0
10.065392812131746,16,5,5,371,1,1,10.4,0
0.30734192931961085,2,5,3,161,0,0,10.2,0
5.889098213629113,0,1,4,553,1,0,11.54,0
0.7540410580589976,18,4,2,684,1,0,12.07,0
2.6877183660043196,3,4,3,535,0,2,13.66,0
3.976878752250783,22,4,4,428,1,1,8.52,0
2.5770094340727696,15,4,1,147,1,0,14.64,0
3.6658024670382465,11,0,4,90,0,2,12.03,1
28.31268751802723,20,4,4,210,1,2,10.32,0
0.7263851666978773,20,6,1,342,1,2,14.66,1
5.6266714925114325,12,3,0,294,0,1,14.84,0
2.520913405123931,16,6,2,58,1,0,13.73,1
0.7136380217502092,7,3,3,292,0,0,12.81,1
0.8642533183682656,12,0,4,646,0,0,10.9,0
14.90649530109417,19,4,3,620,0,2,10.41,0
10.584740886727491,4,2,3,685,1,1,10.38,0
11.878035374513889,17,6,2,647,0,0,11.97,0
23.857762743172565,14,4,3,368,0,1,13.29,0
1.1679609309297987,11,3,4,451,0,1,12.06,1
2.195931687349419,16,6,6,118,1,2,11.21,1
5.531494222334931,14,1,3,361,1,0,13.81,0
3.306329560065953,1,5,5,460,0,1,9.57,0
2.7097717833508668,5,1,3,181,1,0,15.52,0
2.214365071763801,16,2,3,155,1,0,11.39,1
4.5043097494400035,15,4,2,72,1,1,11.41,0
4.285316942396236,16,0,3,450,1,0,12.27,0
0.8804520582092211,19,4,2,714,0,1,13.37,0
3.1908319232787976,8,2,2,519,1,0,10.92,0
4.031263347435887,4,2,5,595,0,2,9.68,1
4.223187962065901,22,5,4,282,1,2,9.91,1
1.1792901497912003,0,2,0,513,1,0,14.28,0
6.779240778292904,5,1,2,322,1,1,13.99,0
0.1276101432619636,23,5,4,246,0,0,10.27,1
2.1912215353974536,13,4,5,198,1,1,11.15,1
7.5754739216322715,16,6,2,669,1,0,9.62,0
4.149337359383612,18,4,2,414,0,0,14.18,0
1.5133859130711893,0,0,4,45,0,2,9.89,1
5.9364490355723625,0,2,3,66,0,0,10.66,0
4.189604160774717,12,2,4,450,0,1,11.6,0
7.95415081360898,13,3,2,325,0,0,13.31,1
6.64060249869231,5,5,4,464,1,1,10.58,1
4.709426506615993,5,3,2,349,1,0,10.62,0
3.3488886813008123,0,5,0,655,1,0,13.04,1
0.7146319423761691,13,1,3,563,1,0,11.79,0
1.5145404636634514,2,5,3,328,0,0,12.58,1
2.7158787331419076,22,4,5,603,1,2,8.35,0
4.572702409857453,9,0,6,723,1,2,7.92,0
3.604728573631553,18,6,2,45,1,2,12.93,0
1.6996828341644223,18,5,10,424,0,0,5.83,1
0.03242671116690151,18,5,3,306,1,0,11.89,1
3.4282688510986774,22,5,1,678,0,1,7.97,0
1.6817431412409147,3,0,5,312,0,2,9.41,0
6.63274216899862,19,2,3,668,1,1,13.31,0
0.12118819004625181,18,0,2,115,1,0,11.17,1
4.395309661438342,9,2,2,236,0,2,13.37,0
14.191441185867115,1,6,6,692,1,0,6.78,0
0.9582805450842118,3,4,1,592,1,2,10.07,0
3.1899768612348387,23,0,2,506,1,2,13.24,1
0.47937265009403307,5,2,5,621,0,2,9.89,1
4.913246705322382,6,4,2,160,0,0,11.73,0
3.998449535949602,15,4,4,429,1,1,12.49,0
2.615887341856334,6,2,3,165,1,1,10.98,0
3.684210463478995,17,2,3,375,0,0,10.33,0
11.344526322154412,19,1,3,199,1,1,10.12,0
1.0926106223277317,21,4,1,192,0,1,11.3,1
0.11411492965000414,18,2,1,228,0,0,14.13,1
9.890380829046354,8,4,4,77,1,0,10.18,0
4.303299643822846,19,0,4,523,0,0,13.09,0
11.066394298015023,9,6,2,132,1,2,6.5,0
4.543414021101691,12,3,4,577,0,2,12.65,1
8.30789704168021,17,3,2,35,0,1,13.12,0
2.807730177683868,15,5,2,41,1,0,12.22,1
6.928671215841588,21,2,3,132,1,1,9.02,0
12.2116195243503,16,2,3,728,1,0,8.28,0
4.244597115474032,21,4,2,719,1,1,13.9,1
0.9970444905313678,12,5,2,456,0,1,12.88,0
1.5653249856366385,11,2,2,200,1,2,12.85,1
1.1072535305364735,9,4,1,718,0,0,13.0,0
1.4175009940727592,0,2,2,118,1,0,14.1,0
1.8294106395736867,7,4,3,468,1,2,10.43,0
4.049908432038345,20,2,1,376,0,2,12.53,0
4.433558065018187,21,1,3,240,1,0,11.25,1
2.7799845084185435,17,6,1,463,1,0,12.77,0
4.778027384912371,1,4,1,562,1,0,15.87,0
0.4254747576855111,15,6,3,629,0,1,9.09,0
0.4594155982650752,11,1,4,554,1,2,6.89,1
0.9426809002664526,8,1,7,455,1,1,5.49,1
3.649859810873943,2,1,2,149,1,0,13.77,0
1.203958582359604,21,1,3,207,1,1,11.4,1
1.6653808733135569,20,0,2,158,0,0,9.2,1
2.5567357668028374,3,6,4,592,0,0,11.0,0
8.353007316259138,1,5,1,447,1,0,12.55,0
0.06979556282118814,7,6,3,583,0,0,12.72,0
5.240244491350255,9,3,6,347,1,2,10.79,0
5.526319775775111,15,0,1,636,0,0,18.24,0
8.013696500504556,22,2,4,271,1,1,8.44,1
13.496909824771476,10,2,3,385,0,1,7.87,0
0.10171689702263215,17,5,3,602,0,2,12.78,0
0.8349014240557615,21,3,2,467,1,2,14.37,1
10.865302700153755,13,3,3,487,1,2,9.05,0
3.0672324616451734,7,3,4,471,1,0,8.25,1
4.157343152448335,22,1,1,257,0,0,13.89,0
5.4387653755107825,14,0,3,437,0,1,15.03,0
5.6826083401094865,16,2,4,306,1,0,9.05,0
13.422186220273499,20,0,4,47,1,0,10.97,0
28.96211347018033,17,0,3,340,1,0,7.8,0
6.36764097232243,5,0,2,353,0,0,12.0,1
1.6929207902268364,22,3,4,76,1,1,10.57,1
10.59101173847779,13,5,6,559,0,1,12.14,0
0.2523677026024477,22,5,3,529,1,1,10.19,0
1.313847276415242,2,3,7,221,0,0,9.77,1
11.383890749635237,6,2,3,78,0,0,10.06,1
1.4798584458301167,14,2,2,123,1,1,12.58,0
1.246481998352206,20,2,2,196,0,2,16.55,0
0.7432268527692112,23,5,5,523,1,0,13.59,1
9.798941551541256,15,5,4,283,1,1,14.72,0
3.466318528654564,15,0,1,86,1,0,14.0,0
5.618007723221529,7,3,3,35,0,0,11.18,0
1.3660457880636798,6,1,1,267,0,0,13.77,0
7.094922978741559,5,0,5,253,1,1,10.93,1
7.135697299578956,1,4,4,619,0,1,11.58,0
1.874180206459728,21,5,0,49,0,0,12.58,1
2.6439520851583853,12,0,2,233,1,1,10.9,0
1.1766517823414586,11,3,2,171,1,0,11.21,0
18.766774861734074,14,4,3,405,1,0,13.74,0
5.186681659435815,8,6,6,436,1,0,11.56,0
13.631876477177027,1,0,3,109,1,2,17.97,0
1.8076158425404136,16,3,3,239,0,0,12.45,0
7.613799711270445,4,3,3,341,1,0,10.02,0
7.25915130024136,10,5,3,406,1,0,10.64,0
5.882690535499076,21,1,2,69,1,1,12.08,0
16.854161794382893,18,0,1,382,1,1,16.21,0
2.500708965940357,23,3,1,482,1,1,14.67,0
0.7004345865100579,6,2,2,452,1,1,9.71,1
5.5692722002376644,1,3,1,115,0,0,13.09,0
6.533901436091264,15,1,4,584,1,2,7.86,1
4.279043230004657,11,3,5,265,1,0,11.18,1
1.1585122037602504,22,5,5,444,0,0,8.59,1
3.51049506125729,14,6,2,611,0,1,11.18,0
1.8712112949002624,0,0,4,385,0,1,7.04,1
2.7884203958921567,12,5,2,672,0,0,13.91,0
5.181266928682797,22,0,4,673,1,2,13.22,1
6.8366710840610665,5,4,4,277,0,1,9.41,0
1.3212907745905906,12,0,7,696,1,0,8.08,1
2.59870423808171,17,4,2,630,1,0,11.44,0
1.5678143550541637,2,5,2,258,0,0,11.96,0
1.107172649255106,0,2,9,568,0,2,5.16,1
7.648219716832733,14,1,4,390,0,1,8.6,0
11.998382485218567,12,2,5,204,0,1,12.74,0
2.3120203811650066,4,4,1,403,0,1,7.92,1
6.95711594296932,12,3,0,90,1,2,15.01,0
11.364902787360888,21,3,4,199,1,1,11.37,0
9.35804781949586,4,2,3,536,1,0,14.91,0
1.0094389980158063,18,3,1,443,1,1,12.73,1
15.651107082044257,20,4,6,145,1,1,8.46,0
2.363447688789533,23,5,1,204,1,2,11.58,0
2.071827959610007,17,1,0,453,1,1,14.71,0
0.3223263645829332,20,6,1,157,0,0,11.78,0
3.329349595318489,21,0,1,518,1,0,10.94,1
0.5771306646551917,9,4,6,34,1,0,7.73,1
1.4286852989288443,23,6,3,355,0,1,9.71,0
1.9058820690720644,7,4,2,727,0,0,10.39,0
8.272864815043215,14,0,7,201,0,1,8.57,0
10.416792028767937,20,0,4,228,0,2,10.41,0
1.8010223803736893,19,1,2,260,0,0,13.5,0
9.78428346581652,22,1,2,656,0,1,12.69,0
9.732634503980556,21,1,3,362,1,0,9.19,0
7.233427746598924,3,3,1,495,1,0,8.95,0
0.7931918373443041,1,4,1,453,1,0,11.09,1
5.861124828976646,23,5,2,342,0,1,13.93,0
14.504298636628972,5,0,3,552,0,2,13.08,0
5.737024804786159,2,4,3,453,0,1,13.57,1
2.0144684534963284,6,6,6,645,1,0,10.88,0
3.47153243578947,9,4,8,204,0,0,9.77,1
5.18840976818378,22,1,2,403,1,1,13.21,0
3.5725733270672215,5,1,2,661,0,0,16.01,0
0.6388994881696098,15,4,2,266,0,1,12.99,0
1.8702976676938576,1,1,1,472,0,0,17.2,0
8.107452027894016,23,3,3,67,1,0,10.35,0
9.881467017064018,16,0,1,568,0,0,11.9,0
0.7384415541095352,12,6,4,664,0,1,10.42,1
15.22322122757454,0,4,4,185,0,0,10.73,0
1.993609110129775,5,0,4,223,1,0,10.16,1
5.428190178299471,4,3,2,190,1,1,13.48,1
6.9681086231326255,12,6,1,669,1,0,13.0,0
8.355136855348373,22,1,2,719,1,2,11.19,0
14.570733988268428,17,2,2,155,0,0,11.61,0
1.8765194369952112,11,3,5,715,1,0,12.44,1
9.77750589072291,6,2,3,576,1,1,12.23,0
0.7060145951758322,14,0,2,268,1,0,9.05,0
6.104592989313401,2,4,6,70,1,0,12.22,0
6.773546890363093,15,6,4,215,1,0,11.67,1
5.661723016105115,0,1,4,490,0,2,12.08,0
1.4538657989522825,15,6,2,724,0,0,14.26,1
10.3195399526277,23,3,1,418,1,1,15.16,0
0.924775888878609,11,1,2,290,0,2,10.56,1
0.2756336447784561,18,2,5,435,1,2,7.86,1
6.319764045182417,7,2,3,575,1,1,16.39,0
3.226317757110416,22,5,4,478,1,2,9.4,1
9.455623958741025,11,6,1,728,1,1,13.96,1
2.4176506345891866,14,4,4,430,1,0,14.06,1
0.9212886809469957,1,2,5,336,0,2,9.11,1
9.052943941290195,16,4,3,166,1,0,10.88,1
3.980437931239487,6,5,1,231,0,0,15.05,0
1.0486433748166777,12,3,3,684,0,1,12.03,0
6.371690202989127,0,5,2,650,1,1,13.39,0
3.5781260303149063,5,4,5,186,1,2,9.84,1
4.635658697094391,12,2,3,284,1,2,10.55,0
3.089255569982458,10,0,2,210,1,0,11.73,0
8.82195659983044,9,4,3,438,0,0,13.99,0
8.846939419221181,15,1,1,57,1,1,12.61,1
6.1788453136855495,23,0,1,692,0,1,14.06,0
0.5569006383157988,22,6,4,641,1,0,8.86,0
9.127218178311617,19,4,5,544,1,0,14.08,0
5.558684917512196,16,1,1,574,0,0,13.84,0
5.9705111622159865,16,6,3,228,1,1,12.28,0
2.2547934281565505,3,5,3,98,1,0,13.45,1
10.571388939487411,4,0,2,631,1,0,11.44,0
6.461681843451471,22,4,2,46,1,1,14.79,0
0.5972434847280181,13,3,4,575,1,0,7.77,1
2.619368862448958,19,5,4,89,0,0,9.57,1
10.874494587831098,9,1,1,213,1,2,11.6,1
0.24173399626215963,13,3,2,394,1,1,8.64,1
16.274668279520355,0,2,3,463,1,0,10.54,0
5.684103637505,10,5,0,228,0,2,13.9,0
4.989890319927591,22,5,1,261,0,0,11.02,0
1.5773857161300109,17,4,7,397,0,1,5.93,0
1.430362101447174,15,4,3,459,0,0,11.68,1
14.241582784253396,17,1,2,593,0,1,12.24,1
1.7710503086784237,7,5,7,148,1,0,7.87,1
7.46951582740636,9,4,4,359,1,0,8.27,0
2.4971358204079723,9,2,1,244,1,1,12.41,0
0.7497795306042176,4,6,3,351,1,1,10.27,1
0.053865599617956866,9,6,2,178,0,1,12.57,1
3.929134821623789,17,6,3,437,1,1,10.48,0
18.60263881034444,20,4,11,717,1,0,5.12,0
2.303326388933802,23,5,4,406,1,1,8.18,1
2.2095485961504995,5,6,1,349,0,1,10.41,0
2.108670805737301,2,0,2,34,1,0,13.52,0
3.675514058943361,7,3,3,431,0,2,13.13,0
2.90503246235686,8,5,2,657,0,2,11.61,0
10.597761726074085,4,2,2,232,1,2,12.46,0
3.5212508737789183,1,5,2,66,1,1,11.5,0
3.543922423881031,1,2,2,83,1,1,14.59,1
0.7446559281230722,6,5,2,317,0,2,11.99,1
20.296684976046613,16,6,7,313,1,0,7.4,0
1.4382296379839348,9,3,3,627,1,2,13.53,0
0.38097263919445445,11,3,0,74,0,0,12.45,0
5.44053208021805,1,2,5,313,1,0,10.31,1
4.523866194801905,9,5,2,611,0,0,10.3,0
2.6819622196771107,19,3,4,71,1,1,12.13,1
2.742570250984601,0,1,2,446,0,0,14.03,0
7.6870730112586125,3,5,3,301,1,0,9.02,0
1.0889933042426638,12,3,3,170,0,1,8.71,1
8.58103373389464,11,0,8,600,0,0,8.18,1
5.231244208494754,10,0,5,76,0,2,13.88,1
2.7147624950379514,9,1,7,196,1,0,10.17,1
3.062710385307899,14,3,3,651,1,0,11.18,0
1.4829226243266203,4,0,2,155,0,0,10.69,0
6.9739382902923674,16,6,4,501,0,1,8.37,1
3.5961699315594635,4,5,4,650,1,0,12.23,0
1.9345997580578913,1,4,3,706,1,0,13.45,0
4.532322288144664,8,3,3,399,1,0,10.34,0
27.285923153169108,5,1,0,617,1,2,13.51,0
2.8569693369842635,17,3,3,36,1,0,11.69,0
12.672043585554833,13,2,1,727,0,1,16.83,1
2.115728767429429,18,2,1,305,1,0,13.33,0
0.2814377083401599,13,0,3,620,1,0,9.64,0
1.1423014656553134,7,2,2,94,0,0,10.09,0
2.7123997473157786,16,1,3,656,1,0,9.78,0
1.2399671426590304,2,0,3,231,1,0,14.13,1
0.0011353199766673677,9,1,1,171,1,2,14.23,1
12.325610569014234,16,5,3,127,1,2,10.91,0
9.285632827085458,10,1,3,246,0,1,5.75,1
6.779645081047453,7,2,4,615,0,0,9.09,0
0.9185001060743391,0,5,1,322,0,2,13.89,0
0.6412330583295656,12,2,1,537,1,1,13.9,1
0.3499923282386663,20,1,2,163,1,1,13.09,1
6.437300876406098,3,2,2,291,0,0,9.71,0
13.211871371146206,6,2,2,313,0,1,12.75,0
2.8152969847732887,13,2,3,131,0,2,9.65,0
0.634286694446645,4,3,0,406,0,1,14.0,0
3.5912257890014225,23,5,6,235,0,1,7.66,0
2.1449373171720083,10,5,2,682,0,1,14.54,1
2.3486177371615256,16,6,5,42,1,1,10.67,1
4.8554590693818245,4,5,0,152,1,2,13.71,0
6.341989784111247,19,6,2,39,0,1,15.16,0
0.586061236596752,2,1,5,621,1,2,9.26,0
0.18119501455745993,4,6,4,196,1,2,7.97,1
25.86309773195701,14,6,2,640,0,1,14.51,1
1.3245718340327208,18,4,2,180,1,0,12.9,0
0.2766678841507926,15,1,3,66,0,0,10.96,1
1.0528356423145457,7,5,1,503,0,2,11.91,0
0.19868503306108903,12,0,3,473,0,0,12.62,0
2.486347083925783,15,2,6,371,1,0,10.83,1
8.107597621666283,2,2,2,34,1,0,10.87,0
2.0870137687341686,0,4,3,255,1,0,12.73,1
2.936584538182011,8,0,1,568,1,1,13.7,0
5.628685927925503,8,3,0,153,0,1,12.34,0
3.555477156091545,21,6,2,432,1,0,12.41,1
9.882464357690331,16,1,3,64,1,1,10.51,0
10.050908730809612,23,3,6,266,1,1,11.68,0
0.04980066673638775,1,0,1,497,1,1,11.9,1
7.526432533147345,8,4,2,528,1,0,15.42,0
3.0877279100668584,23,0,4,541,1,2,11.06,1
22.477339135588927,18,4,3,346,1,0,8.11,0
3.3008069738118766,12,3,6,332,0,0,4.85,0
21.674167921601967,4,3,2,131,0,1,11.98,0
7.023704510181924,8,0,4,618,0,2,13.47,0
1.4291182327326566,12,0,6,341,0,1,11.66,0
3.8652284354302098,0,6,2,111,0,1,12.73,1
24.227070263269304,14,2,3,687,0,0,10.13,0
9.74314046792972,3,4,1,222,0,0,12.37,0
0.5121955677309854,3,2,6,253,1,0,9.61,1
6.127208040387446,19,1,4,82,1,0,12.97,0
2.1200264949748577,9,1,2,374,0,0,13.54,0
0.03503375967362231,5,0,4,114,0,1,12.74,1
2.5832206677789116,23,3,4,670,0,0,12.09,1
1.3377923965883423,11,1,2,240,1,2,14.28,0
8.54268123052189,19,1,5,212,1,2,5.48,0
2.0573953452121447,15,2,2,301,1,0,10.61,0
8.787477040994844,2,2,2,535,1,0,10.19,0
0.0029905883575644283,13,6,3,256,1,0,9.2,1
1.8395400680797123,0,6,4,41,0,1,10.81,1
1.3798559947031106,9,1,2,122,1,1,9.51,0
1.330042329500564,14,0,3,359,1,0,9.71,1
0.35311360073131415,6,2,5,219,0,0,9.8,1
1.0358851762558428,3,1,4,627,1,1,7.59,1
4.0545837427483145,13,3,2,322,0,1,11.43,0
1.7220457637370563,23,2,4,290,0,1,12.08,0
2.7012273932976782,15,1,2,352,1,2,9.95,1
2.3649755390741216,13,6,3,39,1,1,13.19,1
10.433536366477671,2,4,2,117,1,0,10.79,0
11.785153543676273,16,2,2,369,1,1,12.94,0
3.395797052316041,20,4,4,347,1,0,8.59,1
2.0035517767770354,13,2,0,578,1,1,14.91,0
0.564727735982155,17,2,1,252,1,2,12.59,0
15.331082645374593,2,6,6,716,1,0,10.13,0
0.31058431806089415,21,5,3,238,1,0,10.51,1
1.7666190945233522,18,5,4,78,1,0,11.91,0
1.7695809153208517,2,4,6,565,0,0,10.89,1
1.9312639084102636,11,0,4,647,0,1,11.04,0
0.8973491936835555,21,1,3,292,0,1,10.64,0
7.643010617979017,4,0,2,235,0,0,11.93,1
0.6533794356954463,9,0,6,710,0,0,6.67,1
5.038011148725333,8,5,8,526,0,1,8.01,0
0.6610671744528562,0,1,5,699,0,0,11.25,0
0.3657340658065671,12,5,2,494,1,1,15.53,0
12.00813383357463,2,5,1,664,0,1,15.82,0
1.0544000735833898,18,6,6,49,1,1,7.25,1
8.608839810390341,10,5,3,597,0,1,12.02,0
3.9332345832133426,15,3,1,137,1,1,12.93,0
0.40527224443641235,5,0,2,169,1,0,14.84,0
15.555512648309408,23,6,1,120,0,1,11.78,0
1.418192407260406,2,6,5,300,1,1,11.76,1
9.817914060771102,18,0,3,358,1,1,9.63,0
0.9244843851385582,5,6,2,239,0,0,12.19,0
9.618787577866016,7,0,4,717,0,0,9.03,0
0.06658546538187224,21,3,5,602,1,2,6.07,1
3.584950451087789,12,2,3,484,1,0,9.79,0
7.336276672151887,11,6,2,313,0,1,11.88,0
13.651135311510124,9,4,6,395,1,1,12.05,0
11.995597600774017,2,4,0,513,1,1,11.83,0
8.563582693298919,3,3,2,32,1,0,11.19,0
10.954831739603526,0,0,6,193,1,0,6.32,1
1.1108431699845904,12,4,3,417,1,0,13.91,0
1.6716627069951087,23,3,4,38,0,0,9.88,1
1.7051929070598755,3,5,1,395,1,2,12.52,0
2.3664766527883927,21,1,4,41,1,0,10.1,1
2.4987745740289817,10,4,2,103,0,1,8.5,1
3.932405144174518,18,1,1,267,0,0,10.27,0
0.8710512926934543,10,0,2,137,0,2,10.5,0
5.87606292773439,11,4,3,554,0,0,12.83,0
0.9170099370718936,10,3,3,263,0,0,6.6,0
1.857554284363616,5,2,3,468,1,1,12.68,1
3.499299609455716,11,4,4,510,1,1,11.49,0
7.958986178905575,8,4,3,121,0,0,7.97,0
6.72517159096781,9,4,4,227,1,0,10.17,0
5.185719264139445,2,4,3,145,1,0,13.93,0
0.8466708593202987,2,3,1,672,0,1,11.06,1
3.9598162960307586,19,3,1,394,0,2,12.1,0
0.4575428353977252,22,2,1,182,0,0,18.72,1
2.368959392421717,15,3,4,662,1,1,11.45,1
2.668053979617064,2,3,3,137,0,0,11.08,0
0.2031279828179502,9,0,7,557,0,0,7.45,0
1.600944361885238,23,6,7,85,0,0,9.15,0
15.578152791345701,10,0,4,481,1,1,12.17,0
15.35579410874071,7,6,4,421,1,0,6.49,0
2.171847116966015,5,1,3,644,1,1,7.13,0
0.2202825002621114,19,2,10,237,1,0,4.0,1
0.9867390743107394,10,6,3,539,0,1,11.29,0
2.4896933703682147,20,0,4,692,1,1,10.95,1
14.761419659569102,11,2,2,584,0,0,8.99,0
0.761090612731614,15,2,5,329,0,1,9.59,0
7.209370327744139,17,4,2,659,1,0,12.26,0
0.5752730898596463,12,5,3,308,1,0,9.9,1
19.884828678910107,21,5,2,173,0,0,11.33,0
2.403232311918166,2,5,3,233,0,0,10.15,0
7.4634890777812934,14,2,4,258,0,0,11.73,1
2.097245267582794,21,4,2,294,1,0,12.41,0
4.939858527310383,20,1,5,495,0,0,7.72,0
1.0660656375783344,13,1,3,166,1,0,13.51,1
0.7892434912818771,17,5,3,269,1,2,8.87,1
13.90827969287196,13,1,4,727,0,1,7.37,0
12.48371883853331,4,4,4,478,1,0,10.31,0
10.922630042230313,20,5,4,344,0,1,10.3,0
4.909928943261176,13,6,0,180,1,1,14.15,0
8.258289084967904,7,6,2,354,1,0,10.04,1
0.3576783847021495,22,4,6,432,1,0,10.99,1
2.038255291967881,14,1,2,382,0,2,15.83,0
1.8822249106318525,14,5,4,139,1,1,10.76,1
5.048137477576721,18,6,3,495,0,1,12.23,0
2.1999549294118883,19,4,4,69,1,1,6.57,0
0.8038187163035273,5,3,3,683,0,1,10.73,1
4.5374859855645395,18,6,2,369,1,1,11.01,0
8.420374140282519,7,3,2,401,1,1,10.68,1
2.4073333535811168,5,4,1,554,1,1,11.88,0
0.7093659592899565,19,4,3,536,0,0,10.48,1
1.0950617157946794,22,0,1,82,1,1,10.29,0
1.3556543794021754,14,6,6,109,0,1,8.23,1
1.7826432945840842,2,0,1,380,0,0,11.12,0
5.147228148503714,9,2,0,580,1,0,15.58,0
4.593286205970265,14,6,4,369,1,2,11.46,1
5.954951573057113,23,5,1,150,0,2,13.86,0
2.2510205747250507,15,2,4,94,1,1,12.75,0
8.686289712209756,16,2,1,469,1,0,11.55,0
1.1413311314114352,18,1,3,325,0,0,12.14,0
3.1653499900349047,10,3,3,234,1,0,13.74,1
8.07071284853173,15,1,2,676,1,1,10.61,1
0.9932221514339052,4,5,4,586,1,1,6.74,0
0.5819001164852889,4,4,5,307,1,2,8.62,0
10.75722187944322,13,0,1,164,0,2,15.11,0
2.0998210401133295,17,5,3,407,1,0,9.69,1
5.758010763540458,7,4,6,81,1,0,8.27,1
0.1283770737638887,4,5,1,609,1,2,11.64,1
5.856671229382661,6,4,3,96,1,2,11.22,0
1.8997274431331455,15,6,1,32,0,0,11.1,0
0.2867731550269619,22,0,3,599,0,0,8.63,0
4.70564278237165,13,4,4,480,0,1,9.92,0
1.3774752906947654,4,2,4,539,1,1,10.26,1
2.4453797115747515,23,5,3,467,1,0,13.83,1
0.4200656300335847,8,0,3,557,1,0,11.73,1
0.795935672216736,3,4,3,131,0,1,9.26,0
1.7689472370675288,3,2,1,466,1,0,11.74,0
0.47023214644833844,15,2,2,50,0,2,13.83,1
12.085843649551244,23,6,4,416,0,0,9.95,1
0.030327002961936713,16,3,2,562,0,1,10.21,0
3.306888282559127,14,2,5,121,1,1,10.16,1
0.6576524538653421,3,1,0,162,1,0,12.42,0
1.8385284366564467,5,0,3,534,0,0,12.56,0
13.022476861313057,15,0,2,482,1,1,13.13,0
0.8818637500620277,3,0,5,716,1,0,7.71,1
16.882375513656626,5,4,6,177,0,0,12.77,0
1.1520644010807304,4,5,3,261,1,0,11.35,0
6.765576782451039,15,4,1,194,1,0,7.87,0
3.9557548382169077,15,1,4,343,1,2,11.56,1
10.79150294663645,9,5,1,686,1,1,8.0,0
4.037106024430614,8,6,4,327,1,0,12.88,0
3.823852032951791,3,2,1,252,1,2,13.31,0
1.0874105401548078,13,4,4,382,0,0,10.51,1
0.908984644486146,3,5,1,445,1,0,13.03,0
12.413893644023844,11,2,5,91,1,0,11.0,0
1.986280959599893,23,5,2,637,1,1,11.27,1
2.3267305016637416,9,2,5,653,0,1,9.81,1
7.131909344466029,3,5,2,405,0,0,12.47,0
2.068672142609829,17,4,3,628,0,0,5.67,1
15.18928043359221,12,4,2,434,1,1,13.42,0
6.69567561186252,12,1,1,284,1,1,14.56,0
4.549422013624883,13,6,7,480,0,2,9.13,0
10.638755849505417,17,6,4,419,0,0,11.39,0
0.254392735453842,0,3,3,654,1,1,14.62,0
1.4857180746479344,20,0,6,377,1,1,8.94,1
3.1277822441201364,15,4,1,531,1,1,13.01,0
1.2872423406502642,14,4,3,351,0,0,10.13,1
6.811037704843597,21,2,5,573,1,0,6.0,0
12.579388563121466,4,3,3,93,1,1,12.35,0
2.756243002811302,5,6,3,183,0,1,10.34,0
2.0937594394579033,5,4,1,546,0,0,9.18,0
16.292078122504407,2,5,4,424,0,0,10.48,0
2.942606568900544,15,6,4,359,0,0,10.42,1
3.3574020519313374,11,3,5,492,1,0,9.37,0
2.1666220404518963,3,0,2,121,0,0,12.5,0
12.014705925810723,0,5,2,251,1,0,9.11,0
4.207719535815295,3,2,2,219,1,0,14.21,0
7.181092170419446,0,1,3,601,0,0,12.3,0
8.351428752002452,20,5,3,234,1,1,13.92,0
2.0916047719541604,7,6,2,241,0,0,11.12,1
2.843106479415647,23,0,2,118,0,1,13.09,0
9.434916819182005,4,5,2,392,1,0,8.49,0
2.2569328491566294,1,3,5,400,0,0,8.16,1
7.897821368013675,11,3,2,361,0,1,9.49,0
14.15043858842527,21,0,3,455,1,1,11.95,0
4.880341330162804,16,6,4,484,1,1,8.42,1
6.766760571219642,6,3,2,724,1,0,11.36,0
8.176274405433674,10,5,1,451,1,1,13.02,0
9.322929970591488,3,1,5,200,0,0,9.02,0
2.5130749329227053,4,5,4,278,1,1,8.0,0
0.2631206829634183,5,1,4,210,1,0,13.92,1
2.5697882107342815,10,3,3,504,0,1,11.66,0
5.600552078255975,0,5,3,512,1,1,14.74,0
2.99237134411888,9,3,6,413,0,1,6.97,1
6.910777706523328,19,6,1,433,0,2,12.28,0
2.207916146263214,23,1,5,190,1,2,10.0,1
5.035785938485179,20,6,5,277,1,1,12.89,1
1.0315538839664775,10,3,5,348,1,2,13.13,1
6.918876416211574,23,4,6,729,1,0,8.16,0
3.9449431642658355,16,2,2,560,1,0,10.77,1
1.1411849327172885,7,5,3,142,0,1,11.42,1
1.725928659983607,12,4,6,592,0,2,11.43,0
6.903723118836989,19,6,1,373,1,1,13.3,0
3.2947069872314065,17,3,2,152,1,0,12.87,0
1.216931809890208,21,3,4,348,0,1,13.01,1
17.097497802627043,15,2,1,603,1,0,15.09,0
6.278524304898707,1,3,2,507,0,0,14.37,0
15.748478650852594,4,2,3,442,1,0,12.84,0
2.7852645215486183,17,5,0,615,1,0,16.7,1
3.2227407989216728,2,1,3,274,1,0,9.17,1
11.411717525227878,21,2,2,573,0,1,16.9,0
3.72272177271802,16,2,0,486,0,1,16.12,0
6.142675205466503,15,4,2,182,0,0,12.08,0
1.452917236831758,5,3,3,685,1,0,13.82,0
2.959513840544568,18,5,0,44,1,1,13.31,0
0.6588068904692833,6,1,2,472,1,2,13.35,1
1.1532333715965668,17,0,3,333,1,2,12.78,0
0.004719302819514585,13,6,1,274,0,0,14.92,0
0.20028358110546202,5,2,6,596,1,0,8.28,1
18.923389864606172,7,0,3,583,1,0,13.37,0
1.3876930925721453,14,3,1,484,0,0,12.32,0
5.442973802898314,14,6,2,388,0,1,13.86,1
9.134851765064848,14,2,4,81,1,0,10.76,0
3.9998823075899823,15,0,1,40,1,2,9.55,0
0.8311260055428343,0,4,5,629,1,1,8.53,1
6.511906913898305,10,0,5,256,1,0,11.7,0
4.584597273639555,4,6,1,143,0,1,12.59,0
6.569879462315672,4,4,2,566,1,1,14.83,0
7.342874683334662,20,6,2,633,1,1,9.97,0
18.527151877392395,5,1,4,116,0,2,12.19,0
4.2614564678911675,1,3,2,622,0,0,12.3,0
2.0900253745108897,5,5,2,279,1,1,11.91,1
5.227223694802879,13,0,3,279,0,0,9.24,0
0.35447720063107563,10,2,6,450,1,0,9.62,1
11.384456046852655,3,6,2,239,0,1,10.38,0
0.6356511128522884,23,6,3,550,1,0,10.33,0
1.9863154680455146,8,3,3,640,1,0,11.32,1
8.457183384991586,23,0,3,577,0,0,10.87,0
4.547970749700628,2,2,3,86,0,0,13.66,0
2.501370110125041,15,2,4,92,0,1,5.62,1
3.2069087522927227,10,6,1,367,0,2,12.84,0
9.639524859532234,3,5,2,561,1,0,11.67,0
2.0776104476451933,0,6,0,35,0,0,13.98,0
10.18764860296911,20,5,2,614,1,0,11.31,0
0.4613135107966414,21,6,6,648,1,0,11.25,1
7.498400233730234,15,6,4,634,0,0,10.28,0
9.404515398126733,18,2,3,540,1,1,11.87,0
1.0033502446510931,15,5,4,490,1,2,12.58,1
2.813635272805919,10,2,2,385,0,2,12.5,0
0.9046113292735315,7,0,0,248,1,0,11.46,1
6.131162431452706,22,6,3,396,0,0,10.75,0
3.8323302075369785,0,1,0,590,0,0,13.75,0
5.043720997085616,20,5,2,393,0,0,9.11,0
1.093809367976864,8,4,3,419,0,1,10.18,0
1.189673655168473,11,4,3,324,1,0,11.46,1
0.211914631066632,21,4,3,534,1,0,15.62,0
1.9435380271816012,7,1,6,317,0,0,9.94,1
4.102002026184067,16,2,2,206,1,2,12.72,0
9.757349871303202,9,2,5,328,1,1,13.38,0
5.496974686168278,6,3,6,649,0,1,10.38,0
2.858156256583508,18,4,4,313,1,0,12.26,1
15.300832869321738,5,4,3,606,0,1,10.79,0
6.351367952496542,20,2,3,83,1,0,9.07,0
13.308114335561378,23,4,2,349,0,1,12.92,0
3.749518681013277,23,2,4,508,1,1,14.44,0
1.4981273910731716,18,6,6,571,1,0,12.23,0
0.27136594599265473,17,6,3,250,1,0,12.92,1
6.474684487511171,14,2,3,711,0,0,10.23,0
0.6465757417544264,1,5,2,372,1,1,9.3,1
1.8032364611878846,13,2,6,243,0,1,7.56,1
3.8014685153209693,20,0,2,351,1,1,12.84,1
4.155344844754279,9,0,3,610,1,1,10.66,0
4.588748941236248,15,0,3,44,1,1,13.6,1
0.9091403749788478,6,0,1,509,0,1,10.22,0
2.3880617500038115,7,1,1,163,1,0,12.94,0
4.801137694201848,9,3,2,53,0,0,10.87,0
17.502691032642314,14,3,1,406,0,0,15.18,0
6.502990099882648,7,2,5,626,1,1,11.09,0
12.794085204151129,12,6,0,171,1,2,12.34,0
7.181880019041758,11,4,3,681,1,1,13.31,0
4.478973206920344,7,0,5,468,0,0,6.75,1
1.0661107153887137,14,3,2,353,1,0,8.83,0
5.493346229838425,11,3,3,151,1,0,9.83,0
4.88258702481846,10,0,4,329,0,0,6.83,0
4.612413946485956,18,6,3,370,1,1,11.37,1
3.364623873466977,13,1,2,208,1,0,12.24,1
3.7608418601768125,17,1,4,237,0,0,9.99,1
2.035651422110911,12,3,1,195,1,1,14.28,0
3.6626915446453263,3,1,1,70,1,0,11.75,0
1.1004654540075027,16,5,4,663,0,1,8.2,1
8.178252330108547,18,0,2,585,0,1,10.81,0
1.0276046954361122,8,6,4,104,1,1,8.36,0
0.4439718636719816,22,3,2,509,0,0,11.18,0
2.8656866979984095,6,0,1,377,1,0,14.39,1
5.369219460689436,0,1,3,301,0,1,8.09,0
2.878748428817034,6,0,2,195,1,0,11.72,0
1.6200302408773828,6,1,2,115,1,2,14.32,1
4.084163828959275,19,6,4,678,1,0,12.94,0
2.130908630736617,6,1,6,580,0,1,7.84,0
13.505449163326036,7,0,4,628,1,0,15.23,0
12.796759337628536,15,6,3,184,1,0,9.5,0
3.4895105363590826,2,1,3,701,1,2,11.14,1
1.9866216270422863,12,5,3,605,0,1,9.26,0
6.680524243554146,9,2,1,252,1,1,14.07,0
0.18701912957678635,17,0,0,446,0,0,19.6,0
3.2195856233439093,6,2,2,391,1,2,16.09,0
2.0498014385587537,20,0,1,375,1,1,14.89,0
12.662248720822467,20,1,3,175,1,0,10.39,0
0.060378226400700424,4,1,1,96,0,0,12.86,1
4.023913109115993,22,6,6,546,0,0,11.43,0
6.748145726709836,23,3,2,88,1,0,13.9,0
3.3181165307975946,21,5,3,617,0,2,11.77,0
0.44635890432634356,6,3,3,45,0,0,11.88,0
17.96083130004628,21,2,0,616,0,0,16.11,0
3.6491640351242474,16,1,3,515,1,0,14.21,0
4.762002620964084,3,3,3,205,0,0,8.6,0
1.3499297670397967,23,1,2,351,1,0,12.85,1
3.303381414942359,22,0,3,490,1,0,12.76,0
2.8031395544308073,15,3,1,165,1,0,12.14,1
0.38924472283941136,18,2,3,457,0,1,14.16,0
0.5611444314044407,9,6,3,709,1,0,11.02,0
9.084540907357626,2,3,7,571,0,2,11.01,0
1.3709998438399396,2,1,0,351,0,0,13.26,1
1.0843058312969118,16,4,6,365,0,1,9.72,0
3.5150932302417464,9,4,4,542,0,2,11.27,1
7.3212174887384,16,6,4,200,1,1,14.13,0
0.3197415758048822,21,6,3,158,1,1,13.08,1
4.299645561570667,16,5,7,709,0,0,7.48,0
0.6346827486498934,20,6,3,447,1,1,11.06,1
0.18571183634875682,3,1,2,426,1,0,11.85,0
0.2709292223847981,20,0,6,90,1,1,9.24,1
8.98378291640906,22,3,2,146,0,0,10.51,0
0.6276601288068672,5,6,2,664,0,1,12.24,0
0.23101223915072286,11,4,5,502,0,2,12.74,1
2.8803765409826503,21,0,2,426,0,0,15.05,0
9.289287130413296,19,1,1,727,1,0,10.07,0
1.5218248160799044,16,0,5,626,1,1,6.55,1
2.738421661806102,16,1,0,247,0,2,12.81,1
0.2037065126492444,9,5,3,684,1,1,8.04,0
2.9808148693756924,6,3,1,506,0,0,10.67,0
4.309167572435212,15,0,3,631,0,2,12.3,1
4.230408628003247,12,3,3,297,0,0,11.52,1
2.020530351400584,2,0,3,105,1,2,8.16,1
1.8955755486777095,1,1,2,98,1,0,14.74,1
0.5637365377439869,15,1,5,474,1,2,9.16,0
2.2848314940464514,5,0,6,327,1,0,8.16,0
0.5239959709907936,5,5,5,503,1,1,12.03,1
7.2749209221968485,12,1,2,189,0,1,13.22,0
16.947475271097957,6,2,2,37,0,1,12.32,0
17.545214356009524,4,2,7,514,1,1,7.41,0
10.015036506594138,23,3,3,117,1,0,12.74,0
4.591365343776415,6,6,4,170,1,0,9.93,0
6.0343131667104855,1,2,2,570,1,0,11.94,0
1.6788030681875032,16,2,2,554,0,1,10.05,0
4.981683304268637,12,5,2,604,1,1,14.69,0
3.0408101447615032,20,5,7,372,0,0,11.51,0
3.2890675587788962,20,6,0,716,0,0,14.42,0
7.0894733728686665,15,4,8,245,0,0,6.63,1
1.6558600276558297,19,6,5,535,1,1,11.87,1
1.9139185224449948,1,4,4,628,1,2,11.98,1
12.927512083135063,4,5,6,103,1,0,8.31,0
0.28933370772913336,17,4,2,610,1,2,14.7,0
3.3241039241198522,6,5,5,98,1,2,9.15,1
12.19780063549285,10,4,3,252,0,0,9.03,0
4.7126988129455,10,1,2,415,1,1,12.27,1
3.952775611979838,21,5,6,314,1,1,11.37,0
1.4367051812518892,16,6,5,151,1,1,10.21,1
2.102453310392968,15,3,5,470,1,1,7.65,0
9.554350962767268,12,3,3,486,1,1,10.79,0
4.096025778827216,21,5,3,193,0,0,13.99,1
3.6153748500393164,4,2,3,292,1,0,12.15,0
0.524468198529216,19,3,4,121,0,0,10.76,1
0.08078998311470881,15,6,3,365,1,1,11.34,0
16.577647978903975,21,2,2,615,1,0,14.56,0
2.3659327852463403,21,3,2,343,0,2,14.43,1
4.621779113553947,15,0,1,631,1,0,10.4,0
0.4153597691492223,15,0,1,495,1,0,15.08,0
5.746070464472279,13,5,3,670,0,2,12.63,0
13.48308223448412,5,6,5,430,1,0,13.19,0
4.2861631879595805,1,6,2,590,1,0,12.26,0
0.6740342991521535,13,3,3,627,1,2,13.87,1
4.358039330275023,15,1,5,514,1,1,10.94,1
7.269595411285781,22,2,2,685,1,0,10.17,1
2.6078872281344023,19,3,2,676,1,0,14.44,0
10.594561744885315,12,5,3,656,1,2,13.22,0
5.230330982140458,14,2,3,306,0,1,10.3,0
11.475511708146918,11,4,1,95,0,0,13.78,0
4.8842566937016505,8,5,5,728,0,2,14.22,1
0.7037179592046167,17,3,5,230,1,0,9.03,1
1.853084928372473,20,1,1,497,0,2,14.65,0
1.1269487873151105,13,4,4,463,0,0,8.61,1
11.97495484629651,19,5,5,167,1,1,8.86,0
7.143923467867238,3,3,3,81,1,0,13.22,1
5.6412102667967385,7,0,1,481,1,0,13.71,0
1.7902817713168635,7,6,5,187,0,0,9.6,0
1.0169789661595643,21,3,5,235,0,0,13.4,1
7.062187429746098,21,0,4,371,0,0,8.96,0
3.213771943366735,15,0,3,345,1,0,11.31,0
1.2795577295166711,23,5,3,165,1,2,12.58,0
4.793668871942185,9,3,3,104,1,0,9.86,1
0.20584908823963646,20,6,2,478,0,0,13.42,0
1.973889012717029,16,3,2,98,1,1,14.55,0
3.1607966021174843,0,0,4,590,0,1,10.57,1
0.800599248605534,17,2,1,231,0,1,11.83,0
20.884657736152672,9,4,2,603,1,1,11.78,0
1.1729020464797122,20,1,3,196,0,2,6.24,0
0.6983402316664269,3,3,0,690,1,1,16.01,0
1.1378596725190913,0,4,2,150,0,2,12.93,0
7.328011245991459,3,4,2,126,0,1,12.05,0
2.771325162598201,3,2,2,406,1,1,9.07,0
4.166829443337638,3,4,4,520,0,0,13.02,1
0.10616494951648639,16,3,3,82,0,0,10.72,0
0.1751901684096702,8,5,1,38,1,0,14.33,1
2.951378748969702,18,5,5,360,0,0,9.98,1
8.481934907777898,12,4,4,280,1,0,7.57,0
10.824512585782784,3,3,5,389,1,1,12.54,1
0.4534902818547664,4,3,3,378,1,0,13.76,0
3.8648831609652516,12,0,3,153,0,1,13.13,1
12.222453618197719,22,2,2,663,1,2,13.03,0
2.4548923925152417,15,6,2,228,1,0,10.01,1
8.847030824508789,21,1,3,440,0,0,13.34,0
0.7175949691092814,4,6,1,409,0,0,17.61,0
13.69727786285637,7,0,2,534,1,2,12.63,0
6.960019498419614,15,1,7,124,1,2,8.67,0
14.179508158214002,0,6,2,59,1,2,10.2,0
5.644593109592982,22,3,3,121,0,0,7.46,0
2.258099703576552,5,5,3,625,1,0,10.88,1
13.917736546059395,10,0,4,44,0,2,13.76,0
1.611828451439742,15,6,3,684,1,0,14.29,1
2.018627026807612,4,4,3,489,0,0,11.47,1
6.033355841550835,15,4,5,52,1,0,10.86,0
7.247583134383784,6,1,1,355,0,2,10.76,1
13.253872410029023,18,3,2,685,1,0,12.62,0
1.1458232657080352,0,5,2,116,1,2,11.35,0
7.997389274953654,8,1,4,222,0,0,10.91,0
6.707485617017292,17,6,1,714,0,1,12.65,0
0.3296016770357838,12,6,2,292,1,0,11.81,0
2.448772121701424,14,5,1,458,0,0,15.19,0
1.6617618740132432,2,6,3,389,1,1,15.53,0
1.815552498552928,23,2,2,591,0,0,12.06,1
20.35711037339319,9,5,1,462,1,1,16.04,0
5.1469809991990045,8,4,4,589,0,2,8.32,0
6.323502451526385,12,6,4,537,1,0,10.62,0
18.77886636113732,15,6,1,78,0,0,10.61,0
2.3676635051643706,2,0,0,197,1,1,13.38,1
8.093406719431021,21,0,1,708,0,2,14.63,0
2.8504986938955605,22,0,2,470,1,1,14.64,0
10.183200535417038,14,5,2,623,0,0,10.84,1
0.9962657002461488,16,4,3,604,0,1,12.52,1
14.752473209791939,13,5,3,257,1,0,14.06,0
1.2344393254175554,6,3,4,243,0,0,12.98,1
1.974261916458344,19,4,3,671,1,1,12.12,1
7.056876044507961,15,4,2,183,1,2,11.22,0
2.502356588495185,20,5,2,637,1,0,11.02,0
4.685164055357775,7,5,3,436,0,1,9.91,0
2.9400949690668092,3,0,3,47,1,0,11.54,0
6.781152938586439,19,4,7,496,0,1,6.75,0
1.2959995220950262,23,0,2,373,1,2,13.76,1
0.30118154329465263,14,3,2,353,0,0,12.86,1
1.782870441360368,4,2,4,275,0,0,11.17,1
3.215205269135781,12,0,2,89,0,1,8.72,0
0.9197346982224508,5,5,5,523,1,1,10.06,1
2.190953659796779,4,6,3,671,1,1,10.68,1
2.5539866066122805,16,1,4,78,0,2,15.13,1
0.29552305768193454,6,2,2,707,1,0,9.84,0
4.377030674777809,5,3,4,709,0,1,10.39,1
10.785650325194624,1,6,2,282,1,1,13.17,0
0.8228576022456812,10,5,3,412,1,0,9.65,1
4.554128628821411,6,2,3,338,1,2,15.46,0
5.464232786109861,21,5,3,605,0,1,15.5,0
2.7179036506796725,20,0,7,574,1,1,6.68,0
6.038190690047156,7,6,2,87,1,2,11.22,0
2.6443670781082584,4,5,6,93,0,0,13.49,0
3.5123251659203096,17,6,0,154,0,1,16.79,0
0.03690105720673507,21,3,3,90,1,1,10.86,0
5.883735941515056,15,1,4,409,1,2,11.66,0
5.413832676009013,13,0,2,167,1,0,9.63,0
0.19578813781308682,11,0,2,95,0,1,16.79,1
2.2963085135505064,16,6,3,208,0,0,11.75,0
19.323751100352617,4,3,4,200,1,2,11.97,0
2.7299895897809288,13,3,4,661,1,1,8.93,1
3.4852278985845384,5,2,0,373,1,1,11.73,0
12.035849445762416,14,1,0,216,1,0,14.9,0
6.316170830807772,6,5,4,256,1,1,14.63,0
4.362208191713996,13,2,5,295,0,0,8.92,1
7.9926056234838905,17,5,4,221,0,2,8.84,0
9.988985809830007,0,5,4,635,1,2,11.41,1
3.0521992544632415,5,5,6,155,0,0,12.47,1
3.222817235449181,2,2,2,503,1,1,11.12,0
2.439216556819023,4,0,3,128,1,1,11.1,1
17.011911419677435,11,3,2,373,1,2,14.07,0
5.972856590439909,10,0,1,272,0,1,15.09,0
0.4344554640734276,12,1,7,49,1,2,7.83,1
9.93739838116295,15,2,3,658,1,0,13.79,1
3.2750192844142205,17,1,2,388,1,0,13.46,0
0.3561585205662998,16,3,5,462,0,1,10.03,0
3.9893978583499825,16,3,4,640,1,1,12.6,0
2.699249572296216,10,4,5,516,1,0,11.53,1
10.50841141219809,19,1,2,359,0,0,10.31,0
1.140746568877711,9,0,3,696,0,2,14.57,0
8.75686860262072,15,6,0,336,1,1,14.69,0
4.078706631177119,1,1,7,214,0,0,11.15,1
0.28079029470381955,16,2,7,364,0,2,8.5,0
17.85020511355982,21,3,2,535,0,0,12.9,0
3.5935070732554744,19,3,2,492,1,0,13.2,0
1.7186303907754372,9,1,3,32,0,0,12.69,1
3.1687986608871324,12,1,4,698,0,2,13.86,0
9.754635990236144,11,5,2,204,0,1,13.33,0
1.8185202687856585,14,1,5,610,1,0,9.94,1
1.0701534770501977,6,5,1,562,1,0,15.22,0
0.690975522387576,21,2,0,327,1,1,14.86,0
1.768108039088484,20,2,4,147,1,1,16.71,1
7.5717316698802595,12,0,1,671,1,2,13.78,0
3.1897580193027464,11,1,1,235,1,1,15.68,0
1.2904972825242003,11,0,2,164,1,0,14.16,1
0.9087186165179261,1,6,1,232,0,1,9.1,1
2.0227986642481524,4,4,1,64,1,0,11.73,1
14.060755292789032,1,2,1,59,0,2,12.32,0
2.10055959878204,22,3,3,457,1,0,8.6,0
22.16621058871158,19,5,4,286,1,0,10.01,0
3.3201798269678733,12,4,3,410,1,0,8.86,0
0.9871592316682497,2,3,2,211,1,0,10.18,0
11.08846734600884,10,4,3,237,1,0,12.08,0
3.0842222723172408,15,0,2,670,1,0,16.24,0
6.183708497195263,0,0,3,604,1,0,8.88,1
20.586505250561608,18,5,2,468,0,0,9.97,0
0.25738945354293113,10,2,4,371,0,2,9.73,1
0.5084726612342598,8,6,2,618,0,1,12.11,0
6.3729911360493645,13,5,4,407,0,2,7.72,0
1.6552100581501072,8,6,1,440,1,0,11.8,1
1.01855175627672,6,3,2,556,1,0,10.82,0
0.2007875341000006,15,4,4,412,0,1,11.44,1
0.1104444250936431,2,5,4,494,0,0,11.65,1
7.4468563890961414,18,6,2,422,1,0,12.09,0
0.7218549460335216,3,1,7,600,1,2,7.64,1
3.1529338476935247,6,1,2,180,1,1,10.98,0
4.655712567820531,22,2,1,649,1,0,13.3,0
2.796157563870309,11,6,0,398,1,1,12.05,0
0.13740407330152613,17,5,3,136,0,0,14.69,0
7.650858359617665,4,3,2,168,0,1,9.4,0
0.0528443945082271,22,1,2,309,1,0,11.09,0
7.175110418121385,22,2,4,101,0,0,12.54,0
11.188881188318529,21,5,1,652,0,0,12.4,0
2.83556844461547,9,2,2,534,0,2,13.74,0
3.834425816125082,11,3,2,135,1,0,15.83,0
3.240710306721102,7,1,3,530,0,1,13.27,0
2.4649990806133593,18,1,1,188,1,0,10.8,0
10.920657427566516,14,1,3,179,1,0,9.29,0
11.218445618418789,0,6,2,43,1,0,12.03,0
2.045983042331863,2,0,6,34,0,0,10.09,1
4.773465701841266,17,6,4,668,1,1,13.21,0
13.080151834527406,17,1,4,302,1,2,9.23,0
16.358548756225147,1,4,2,367,0,0,11.43,0
3.556138669689523,4,0,1,240,0,0,12.7,0
3.014931224978737,0,5,9,356,1,2,6.26,1
1.6334612959409631,9,6,6,495,1,2,12.19,1
15.95531520471371,19,0,3,108,0,0,11.39,0
0.7705035148056729,9,0,4,634,1,0,11.11,0
4.335474393463496,4,6,3,206,1,0,13.42,0
1.6602619653102622,17,6,4,161,0,0,13.98,0
1.6356382008261607,20,0,5,321,0,0,9.93,0
2.5957054025217245,14,2,2,720,1,2,14.92,1
33.59782080761886,19,4,2,407,0,0,16.06,0
0.2826734899311677,7,3,4,445,1,0,10.58,0
4.3201735964095525,16,1,1,373,1,1,12.07,1
0.43090674253086986,11,6,7,406,0,0,12.77,1
0.8392587362282147,20,0,2,514,0,0,14.64,0
2.895191692672631,11,3,5,175,0,2,10.02,0
3.57144686309625,0,6,5,684,0,1,11.3,1
1.4973727113287703,3,2,5,561,1,2,7.91,1
1.9023295238839042,7,3,1,599,1,0,15.42,0
0.45491638323689626,0,0,5,325,1,0,6.4,0
1.8064262313775978,14,5,5,607,1,2,12.14,0
16.989779113062543,17,4,2,374,1,0,10.96,0
14.475579317476619,0,3,4,426,1,1,7.49,0
2.0389261636121576,10,6,5,504,1,0,6.0,1
4.229789715639278,22,0,6,554,1,0,8.25,1
12.01730014798798,1,6,3,603,0,1,13.02,0
0.031015108309698315,0,0,3,75,1,1,8.82,1
8.321677164334286,11,1,4,634,1,2,8.33,0
14.818218591413173,15,5,1,457,1,0,12.21,0
0.4788429631317092,21,1,2,252,1,1,14.02,0
0.8803915486109798,21,5,10,52,0,0,7.87,1
16.188548211409138,9,4,5,96,0,1,10.28,0
3.8559776142847406,17,1,3,655,0,0,13.57,0
0.07149185354754567,14,4,3,512,0,0,12.98,1
1.4895510011091286,16,6,2,235,1,0,11.57,0
2.988672977894771,9,2,3,607,1,0,13.42,0
5.903054343219857,2,2,2,591,0,1,9.83,0
6.605537341168576,20,5,5,682,0,0,10.97,0
26.931933342485248,15,5,2,287,1,1,10.07,0
1.6949554269810665,5,1,5,575,0,0,10.29,1
3.8633345619544324,2,2,3,282,1,0,14.04,0
3.810595416972328,8,3,2,610,0,0,12.83,0
2.60139465779218,10,3,4,218,1,2,10.77,0
0.9266016060389448,20,6,3,182,0,2,12.05,0
18.961556528390346,12,3,4,106,1,0,12.13,0
9.597413779439295,17,6,3,569,1,0,15.87,0
3.4490939120805053,21,2,2,398,1,0,13.7,0
4.622186913069447,23,3,5,597,0,1,8.99,1
1.2890700112906384,21,4,2,653,1,1,11.98,0
3.9239781378005087,3,0,1,183,1,0,11.4,0
5.936727914885518,21,5,4,184,1,0,8.32,1
3.6197541789296137,23,1,2,300,1,2,7.54,0
23.170508776151685,7,6,5,591,1,0,9.08,0
4.725273074927703,12,4,3,538,1,1,8.79,1
2.3179111538684225,9,3,4,419,0,0,10.99,1
7.395383301091531,1,0,2,97,1,1,11.38,0
0.9344348818922593,7,1,1,161,1,0,11.03,1
2.4267301307151667,5,4,3,699,1,1,7.39,0
2.1305764427688483,15,1,3,294,1,1,10.9,0
2.826471483150584,17,6,5,711,0,0,6.5,1
7.611253765342133,16,6,5,249,1,0,11.41,1
3.309919516937448,5,5,1,581,1,0,13.71,1
7.899746297875579,12,2,2,318,0,2,11.95,0
4.29587781246959,22,6,6,108,1,2,12.1,1
2.0932793851026203,13,3,1,601,0,1,13.22,0
8.30309668864543,20,4,3,349,1,0,12.37,0
1.360944703258735,9,4,3,347,1,0,12.97,0
1.2704820564755195,23,0,4,516,1,2,9.77,1
3.5109691322508203,10,0,4,420,1,2,9.78,0
1.5112669074681186,12,0,5,617,0,0,10.08,1
0.04564286944328279,11,1,2,68,1,1,9.71,1
5.224848544077591,8,3,1,228,1,1,16.77,0
3.577923359336209,3,1,1,134,1,0,13.52,0
2.9486029991851916,6,3,3,611,1,0,11.2,0
17.05147034953414,23,4,4,536,1,1,14.97,0
4.233813830778963,21,6,5,599,1,0,7.8,0
9.954647641652643,1,6,6,358,1,0,12.27,1
0.750919168739037,6,1,5,720,0,0,11.63,0
4.210631682170712,8,1,2,337,1,2,14.63,0
10.123995126788541,4,1,4,251,1,1,10.45,0
4.374613519645215,14,2,3,685,1,1,11.71,1
6.329492431770306,17,5,3,56,0,1,10.91,0
2.326422452088375,3,3,4,702,1,2,12.79,1
0.4850304289052596,18,6,1,180,1,0,13.98,0
3.061526685652196,19,3,1,202,0,0,12.08,0
2.5083333998424107,6,1,6,51,1,0,8.17,1
10.089293761294103,7,2,1,574,1,2,13.17,0
1.398538445012143,16,1,2,650,1,0,11.74,0
17.016131322534825,12,3,2,423,0,1,15.28,0
15.866898233462193,23,5,2,76,1,0,14.02,0
1.422646193108916,20,6,4,637,1,0,12.41,1
2.1389520327275795,22,5,6,154,0,0,9.67,1
11.29550877690156,10,4,5,364,0,0,8.35,0
16.99932448348955,0,2,2,324,0,0,13.79,1
2.9298934269369536,1,5,3,566,1,1,7.4,1
1.9356490019428678,16,2,4,623,0,1,11.15,1
3.7337315857610225,4,1,2,599,0,2,10.78,0
5.820063207231278,5,4,4,567,1,0,9.02,0
1.5974085897829629,23,3,1,326,1,1,12.27,0
6.668000560401078,6,5,0,73,0,2,13.83,0
0.2651970219359077,20,5,3,626,0,0,11.55,0
0.252754654061188,14,0,4,51,1,1,12.38,1
2.4411451790312495,18,6,1,255,0,1,12.85,0
2.1807030768327,15,3,5,578,0,0,9.8,1
1.8963063511938427,12,5,2,403,0,0,9.61,0
3.3767304482344684,4,5,1,642,1,0,10.67,1
1.9337093032494221,2,3,2,683,1,1,12.97,0
1.0675623872149762,2,4,4,33,1,0,12.06,0
1.851476036529416,18,2,2,53,1,0,11.88,0
18.425288394094434,13,3,0,351,1,1,15.87,0
2.6476083621871953,15,2,1,568,1,0,10.38,0
2.941348899641984,21,4,2,401,1,0,13.2,0
4.296540020920419,16,4,5,622,1,0,8.3,1
20.47395383305034,3,1,3,662,1,2,9.74,0
1.3827300555338742,12,0,4,394,0,0,9.27,1
5.71724463254645,7,4,2,98,0,0,12.24,0
6.293635731467112,18,4,3,501,1,0,12.48,0
4.673857480194014,4,2,1,534,0,0,13.93,0
0.46374817200398677,1,4,0,342,0,1,13.42,0
5.64853801523644,14,3,0,101,1,2,15.26,0
0.3312049731437815,1,1,3,275,0,1,14.97,0
4.533467781591341,10,1,1,102,0,0,12.96,1
6.72732043582701,12,3,4,557,0,0,10.99,0
1.1847539870973123,22,5,1,720,1,0,11.98,1
9.21385372880897,9,4,4,69,0,0,10.02,0
0.15412010996799702,2,6,2,68,1,1,14.9,1
9.283501993670866,4,0,1,85,0,0,15.72,0
3.0839783909849694,2,4,1,595,0,0,12.8,0
1.2268687309126556,5,1,3,201,1,0,12.58,0
0.7180710980969138,12,0,1,331,1,0,15.04,0
15.320823037540091,9,6,4,519,1,1,9.91,0
0.3772051576196155,18,5,3,461,0,0,8.99,0
1.1100548392448715,7,2,5,584,0,1,11.38,1
2.137191404536912,17,2,1,33,1,1,14.99,0
4.841011204494486,2,6,5,290,0,0,11.5,0
3.9351039017353178,23,4,3,599,1,2,10.85,1
0.671335415390899,23,4,5,578,1,0,13.05,1
1.71053630411802,16,0,2,439,1,0,12.97,1
1.36397893255261,7,0,6,294,1,2,6.9,1
1.2010852277966628,9,5,2,44,1,0,9.21,1
2.6478708940377493,1,4,3,117,0,0,11.01,0
6.08751044529768,11,1,2,128,1,2,12.85,0
1.226006039278473,22,2,5,646,1,1,9.42,1
2.283888432115991,5,5,2,246,0,0,16.39,0
2.479007161768635,1,0,3,439,0,1,12.41,1
18.744533776833784,20,1,4,220,0,2,8.85,0
15.468529241937958,22,4,5,244,1,0,5.46,0
8.050630314578598,23,3,1,646,0,1,13.67,0
1.383110110064952,2,0,4,56,1,2,12.78,0
0.3523125083853791,16,5,3,211,1,2,15.33,1
1.9056003726596442,6,3,7,624,1,1,8.0,1
1.5516466455118114,20,1,3,188,1,0,15.04,0
3.5253478547030976,4,6,4,259,0,1,8.08,1
7.5192650862815515,22,2,3,264,0,0,10.91,0
9.771025143988215,0,6,6,415,1,1,7.17,0
9.317268389840109,7,6,3,559,1,0,13.18,1
2.2289014774395017,11,6,1,313,0,1,10.6,1
5.811505350055038,13,1,2,100,1,0,13.2,0
1.8758983655938077,15,2,3,533,1,2,9.12,0
0.31419605949613155,9,1,1,244,0,0,16.72,1
6.046020076459111,14,6,4,146,1,0,10.05,0
0.049380808496267525,20,0,2,129,1,1,13.16,0
2.631241279700745,23,6,2,629,0,0,8.82,0
1.9977576588575598,14,0,4,694,0,0,7.81,1
5.910690276707358,9,5,2,324,0,2,10.85,0
7.267418715654293,20,6,2,206,1,1,14.1,0
1.812707995578756,6,3,3,161,1,1,12.92,1
8.346656579470675,2,1,1,663,1,0,15.37,0
1.7401107273569383,1,6,0,609,1,1,10.98,0
2.955899316347989,5,1,7,86,0,0,9.41,1
6.491756753103576,20,6,4,42,1,0,9.68,1
5.903238627443741,8,3,5,222,1,2,8.38,1
21.85779696431995,9,6,3,604,1,1,10.53,0
1.2755002219923774,3,4,3,539,1,2,11.37,1
5.428251993587033,2,5,0,182,1,1,15.32,0
4.7039662624491525,8,1,1,52,0,1,15.45,0
12.331314909719753,23,5,1,59,1,1,14.24,0
0.8501597712233924,21,1,6,398,0,0,10.47,1
6.967565036572387,16,1,4,420,1,0,14.45,0
4.199758405261743,13,4,2,339,1,0,13.79,0
1.6056143051850946,9,6,3,650,1,0,11.17,1
3.216406206193864,12,0,4,430,0,2,11.96,0
2.0306511242698644,11,5,4,382,1,0,14.22,0
4.329335735985363,0,3,1,601,1,1,11.46,0
10.991152902598856,21,5,3,95,0,1,10.74,0
4.211775299029261,18,6,3,195,1,1,14.5,0
4.994591635636997,18,4,6,521,0,1,8.62,1
3.6568195993113637,5,2,1,682,0,0,14.73,0
0.26260448236362705,12,2,2,593,1,2,14.98,0
1.3254204188196106,18,4,3,209,0,2,9.09,1
3.386386179016569,12,6,2,573,1,1,11.58,0
1.8570236523790749,21,4,5,46,1,2,12.41,1
1.003019919199958,20,0,3,155,0,0,11.35,1
3.5072360728879115,3,5,1,111,1,0,9.16,0
1.9490154525250118,23,6,3,69,0,1,10.58,0
1.49275559000476,1,5,2,645,0,2,13.99,0
3.1179695600673627,14,2,3,248,1,0,14.15,0
0.7152210997701215,11,6,2,211,1,1,12.5,1
13.13781947976804,6,3,4,467,1,0,11.77,0
10.11349532637616,19,5,2,697,0,2,11.66,0
6.148514781271537,17,1,2,719,1,1,14.21,0
0.5614435658230681,22,1,5,559,1,0,12.85,1
7.477807030455019,12,0,3,682,0,2,13.14,0
8.250188411079545,16,6,1,190,0,0,12.96,0
7.300019214177723,3,0,4,586,1,0,11.67,0
0.6049991349774558,13,6,3,216,1,0,13.5,1
5.162830169926545,19,2,3,383,0,0,11.66,0
8.988630040848028,12,3,1,404,0,0,14.8,0
4.306094565032964,2,3,3,496,1,0,12.34,0
5.198049029908355,17,4,5,270,1,2,12.84,1
3.065800643803283,13,0,2,363,0,0,13.8,1
3.761379882178202,14,6,0,77,1,0,13.0,0
0.17490821702259818,2,5,3,140,1,1,14.41,0
5.093874468440543,0,1,4,624,0,1,11.72,0
0.42477952491711835,23,5,3,133,1,2,11.32,1
2.8547768942998752,16,1,3,492,0,1,8.89,0
1.731184464073511,2,2,5,103,1,1,10.46,1
3.941994262708275,13,1,2,596,0,0,16.07,0
0.7159830999231378,2,5,2,346,0,0,6.94,1
5.882491899623759,12,5,2,31,1,0,7.02,0
7.924007895636168,14,3,3,401,1,0,13.13,0
0.8917738728987994,17,6,2,498,0,0,12.87,1
0.5508217745971264,13,3,4,39,0,1,12.14,0
0.7862844785492396,20,0,3,617,1,0,10.55,1
10.483042751819582,2,5,1,452,0,2,8.92,0
3.7558867605362027,18,6,3,287,1,2,9.94,0
3.148618241527925,7,2,5,662,0,1,13.12,0
0.5642301959700797,3,1,5,505,1,1,9.1,1
5.242771881540705,3,0,3,274,0,0,10.71,0
10.124751323483405,18,4,4,366,0,0,5.54,0
8.806710110388966,10,4,5,721,1,2,6.39,0
4.918228864824997,0,6,3,517,0,0,13.82,1
0.3913145108669709,7,1,3,102,1,0,11.08,1
0.5961536932293031,14,1,0,714,0,0,15.98,0
0.2528308840597974,0,6,4,34,0,1,9.29,1
1.4885220872054834,6,1,3,491,1,0,8.66,1
0.7289538325171298,20,3,3,395,0,2,11.08,1
1.505850070756569,19,1,1,524,0,0,12.05,0
2.431137075872818,19,4,1,246,0,2,11.53,1
14.3220101145545,23,1,3,243,0,2,9.99,0
4.71286630451339,10,5,3,354,0,1,11.33,0
9.008254715260419,13,6,1,339,0,1,12.22,0
6.195435812880584,21,2,5,67,0,0,8.14,1
0.5967514249636929,15,4,3,90,1,2,15.21,1
6.657523651336662,13,2,2,124,0,1,13.32,0
1.6086001089330653,11,4,2,262,1,0,12.72,0
5.095880552100826,16,0,6,577,1,0,9.07,1
2.0848702151148872,13,5,3,542,0,0,12.93,0
30.314294208507402,9,4,1,179,0,1,14.26,0
1.5295797150306978,23,5,3,500,0,0,9.53,1
1.6364855807506018,13,4,0,244,1,1,10.94,1
13.344550501355334,17,2,3,428,1,1,7.05,0
0.12476580641232493,21,2,3,587,1,0,15.18,1
5.964982786210586,8,6,3,606,1,2,10.71,0
6.460858808065867,16,4,1,35,0,1,14.38,0
9.050999592309095,5,4,5,110,1,0,10.4,0
18.333498397554024,7,3,10,218,0,2,7.83,0
18.566254018687648,12,5,0,692,1,2,13.87,0
0.33752395453306855,17,5,3,689,0,1,8.94,1
8.625347273491059,4,5,5,57,0,0,7.93,0
5.196671340724831,5,5,4,706,1,0,10.1,0
5.211284556163474,20,0,5,164,1,2,6.83,0
0.6868361380083193,18,0,5,334,1,1,8.29,1
5.251785144038891,3,1,0,524,1,1,11.6,0
20.22279749457288,6,4,3,309,1,2,10.94,0
12.141794385659173,3,4,2,109,1,0,11.41,0
2.8913365377349844,10,4,4,420,1,0,11.04,1
0.2038390074753596,11,4,1,44,0,2,14.91,0
2.2493855857565976,13,5,1,628,1,0,12.71,0
8.754728347802878,12,5,0,252,1,0,11.0,0
6.044911679935314,9,0,4,632,1,2,6.7,0
3.0748571244227705,17,2,4,295,1,1,11.12,1
0.2833890093674992,15,3,2,349,0,1,11.07,1
2.783429290328935,4,5,1,135,1,1,12.89,0
3.165201131484224,7,5,1,282,0,0,13.86,0
13.194174074456997,13,6,2,228,0,1,15.29,0
5.123363810539972,4,5,3,85,1,1,8.1,0
1.8673104332512158,23,2,0,436,1,0,11.98,0
3.725553649703846,7,2,5,467,0,1,9.83,1
0.3416902929515955,5,0,3,486,1,0,9.32,1
17.980268270906397,15,5,3,506,1,0,8.62,0
2.231903518878148,3,6,1,376,1,0,15.82,1
3.2491680700900254,11,3,1,515,0,0,11.1,0
2.1947266463424024,10,4,0,392,0,2,11.38,0
5.736572032898788,2,5,4,241,1,0,8.5,0
5.426982392290495,11,0,3,643,1,0,13.77,0
6.2819882640837035,4,0,2,466,0,0,11.01,0
1.560852265176102,5,3,2,172,1,1,9.63,0
1.896564010583294,18,6,4,314,1,0,9.12,0
0.6690927755226515,17,1,4,99,1,0,10.7,1
5.328450673998246,15,0,0,606,1,1,15.78,0
0.20305345577177628,22,2,0,557,1,1,15.62,0
4.5525664613706,10,2,6,339,0,2,7.64,0
10.18942106622196,4,4,6,292,0,2,8.14,0
11.074343286358616,8,0,3,89,1,0,15.81,0
2.9804450139727146,2,6,0,551,0,1,15.99,0
3.0744875189969,7,4,5,338,1,1,9.5,1
0.4004632858983886,5,0,5,549,0,0,5.41,1
5.554917873811834,3,3,3,411,1,0,10.68,1
8.609099000916675,11,5,6,370,0,0,6.55,1
1.4029037637667099,11,6,2,631,1,0,10.67,1
2.7348629693785442,20,0,4,578,1,0,8.87,1
9.126767516434537,15,6,3,113,0,2,11.14,0
10.482754077177301,9,1,0,263,0,2,14.14,0
1.3931490422755517,21,6,4,269,1,0,9.34,1
3.9988828883301784,13,6,4,133,1,0,8.24,0
1.0690187086828233,12,2,1,254,1,0,12.84,0
0.5372510663319602,8,3,2,308,1,0,11.4,1
12.102368874451594,6,5,5,422,0,1,6.2,1
8.588109391173631,11,5,6,707,1,1,10.42,0
7.136308951975792,4,2,3,458,1,0,10.14,0
0.24997762539450644,17,6,4,431,0,0,10.26,1
9.280811364606516,3,5,3,75,1,2,11.16,0
2.881659295209507,1,4,2,543,1,0,12.37,0
2.0957550967752123,2,3,2,205,1,0,12.69,0
3.953539425761557,11,1,3,659,0,0,8.99,0
0.47899433093989274,2,2,0,395,0,0,14.62,0
7.066201815154283,3,0,2,202,1,2,11.71,0
4.366576211608102,5,0,4,333,0,1,12.97,0
1.0326005530273132,11,0,1,181,1,0,14.83,1
1.0427047001080516,18,3,4,380,0,0,13.45,0
1.0182284525958716,9,1,4,121,1,2,8.92,0
0.29345764110159756,0,5,3,190,0,0,14.17,1
4.431214243490142,16,1,5,135,1,0,10.19,1
9.17379972422134,15,1,5,132,0,2,11.38,0
0.08826558707916064,8,2,3,161,0,2,12.95,1
0.2512305037537511,20,3,2,318,1,1,13.32,0
4.25216708356428,8,0,4,487,1,1,8.62,1
8.560002989082546,22,2,1,130,1,0,15.11,0
1.9781102311442498,8,5,4,50,0,2,11.5,0
2.1509492969092534,11,1,3,278,0,0,8.65,0
4.535992180495252,22,6,3,221,1,0,10.63,1
1.6024927143376468,8,0,3,614,1,0,9.17,0
0.13484388158165903,14,3,4,342,0,0,7.95,0
6.644440787386447,1,4,4,197,0,0,12.51,0
4.912819288731211,10,1,4,603,0,0,7.84,0
4.34651093699433,10,1,0,200,0,0,11.36,0
6.767860683394994,7,1,2,662,0,0,16.36,0
5.623203092174411,22,1,4,245,1,0,9.9,0
1.152615996404674,5,0,5,538,1,0,11.32,1
2.173036073534379,20,3,8,203,0,0,9.85,1
0.6740046574753866,19,2,4,565,1,0,12.35,1
0.695488642223212,6,0,2,437,1,0,12.7,0
5.638080505933257,2,3,3,530,1,0,11.53,0
9.780816410573525,7,2,4,167,1,1,11.88,0
16.448179480354014,17,1,1,128,1,0,12.75,0
4.948974860103847,16,3,2,86,1,0,13.79,0
1.0173255125667338,10,1,5,276,1,2,9.48,1
0.5582923389996878,1,6,4,713,0,1,10.51,1
8.379250179324124,20,3,5,136,0,1,13.76,1
4.322720857910577,23,5,3,77,1,1,10.64,1
4.815405385879955,18,4,3,315,1,0,11.64,0
7.603978863268138,6,1,3,75,0,1,12.46,1
6.0747850140101125,17,1,5,425,1,1,10.99,1
8.992659336853519,7,1,5,149,0,0,10.59,0
0.289278666399649,13,5,6,89,0,1,6.7,1
6.8821288164795185,6,0,4,176,1,1,11.12,0
9.51410627549352,20,2,3,645,1,0,12.09,0
1.685307348132644,3,1,6,609,1,0,11.48,0
5.114472238721316,16,1,1,526,0,0,14.68,0
1.885569619133633,4,0,3,703,1,0,14.01,1
15.846985023009577,11,0,1,147,1,0,11.19,0
0.16997453414243371,8,4,2,266,0,0,10.41,1
4.335037301664972,19,3,3,247,0,0,12.26,0
0.9106291620431997,12,1,1,153,0,2,15.47,1
6.227798463062179,17,3,5,658,1,1,9.6,0
0.9672580337277714,19,6,2,292,1,1,10.92,0
1.3419028332078364,8,0,3,199,1,0,8.4,1
3.4097585324907627,3,0,1,421,1,0,13.93,0
12.315820702687368,20,4,3,179,1,1,11.37,0
1.1894739145394322,7,2,2,275,1,0,11.53,1
0.778826703309313,0,5,2,530,0,0,14.21,0
7.114311083631174,16,5,4,220,0,2,10.63,1
3.4719350675156346,8,5,2,203,0,0,12.4,0
12.139897681780024,19,0,5,622,1,0,11.8,0
0.7927198310638528,12,1,2,201,0,2,16.78,1
5.19127347282727,1,4,3,705,0,0,10.71,0
1.3255546154023112,12,2,2,652,0,1,10.65,0
0.8525208616449735,8,6,2,367,1,2,10.42,0
5.751045226909061,19,5,2,440,1,0,13.35,0
4.5031281133883185,5,4,2,99,1,2,10.22,0
7.028965323619332,0,0,6,127,1,0,8.45,1
1.851425549203286,4,5,2,546,1,2,11.83,0
2.970779434447734,2,2,4,214,1,0,13.91,1
2.5999346057208177,3,6,2,442,0,2,14.79,0
20.703868727959165,0,3,0,407,0,1,10.93,0
1.7283144046938888,13,6,6,41,0,1,12.37,1
1.7464913668912496,8,2,2,438,1,2,9.97,0
2.189023779797281,23,6,2,447,0,0,12.72,1
4.157382682724594,3,1,1,360,1,0,11.53,0
1.4539193520438396,17,5,3,309,0,0,10.82,1
12.342604583586724,13,5,5,144,0,0,8.04,0
1.5440897817890549,3,3,3,239,1,1,14.95,0
11.30797067863334,9,6,1,476,0,2,12.92,0
0.5461458554704888,2,3,0,423,1,0,14.45,1
5.3437536185955885,22,6,1,674,0,0,11.06,0
11.875000411167527,6,5,3,210,0,1,8.77,1
0.9241200570057446,9,1,3,494,1,0,10.71,1
17.261447181381307,12,6,3,57,1,1,12.64,0
3.0154663210966595,3,3,1,222,0,0,12.96,0
14.567546654622102,17,0,4,285,1,0,12.75,0
5.647729852201779,10,5,1,652,1,1,13.45,0
1.7947223716893297,3,2,2,453,0,0,12.41,0
1.0431378793646342,23,2,7,665,0,0,9.47,1
1.8101250518858567,13,1,0,120,1,1,14.2,0
0.4881601169356458,17,0,1,677,1,0,15.09,0
0.7766533490445192,7,3,1,174,0,1,14.31,0
0.5527611819946485,9,6,3,481,0,2,13.42,1
2.7490758639589563,4,5,3,457,0,1,13.03,1
7.937853174723499,22,2,2,271,0,1,15.12,0
0.7621648459481406,6,2,4,515,0,0,12.46,0
0.6981522458447776,11,2,3,60,1,1,15.1,1
5.156108794468862,2,2,1,89,1,0,12.12,0
1.0981423196946427,3,4,2,630,1,1,14.07,1
0.5135426104560245,9,1,3,505,0,0,8.84,0
0.9126993723510874,3,3,3,130,0,0,13.49,1
12.867469523768364,14,5,4,662,0,1,10.91,0
8.615028209282702,9,5,5,618,1,1,11.87,0
2.185278609600971,20,5,3,302,0,0,14.96,0
5.33296366042089,21,3,4,507,0,0,12.4,1
3.8531190485584825,15,1,2,87,0,0,11.57,0
5.652438732231034,14,0,5,534,1,1,7.82,1
5.739083344354255,18,6,1,416,1,0,14.27,0
4.9541826635734845,19,6,4,490,0,0,10.23,1
1.5469218208957862,18,1,2,637,1,0,13.73,0
0.1989377568452158,17,2,4,74,1,0,9.79,1
3.0400499620703285,11,6,2,320,0,1,10.54,0
11.080839177282746,15,2,4,287,0,0,10.32,0
4.214007935006194,0,1,2,275,1,0,13.4,1
8.930608209483182,15,1,2,269,0,2,12.64,0
23.912128759787826,1,3,5,442,1,1,8.37,0
0.8933384264307671,23,3,1,157,0,1,16.8,0
5.884669028259934,14,4,3,305,1,1,11.32,0
5.608794180804345,6,5,5,447,0,2,5.48,0
19.548989254179048,0,4,2,236,1,0,14.26,0
21.20289021321806,4,5,4,581,1,0,10.78,0
5.802629078183482,9,2,2,394,1,1,12.06,0
1.39602249078049,21,4,2,375,0,2,12.02,0
8.011215241543878,20,4,1,597,0,0,12.83,0
0.5660066186709765,3,0,6,189,1,0,12.54,1
7.586557253056694,13,1,2,125,1,2,13.33,0
12.050635718165953,12,3,3,454,0,0,12.12,0
2.413081334201814,0,4,4,145,1,0,10.27,1
4.979853812843907,15,3,3,241,1,0,15.06,0
2.8118467834903518,22,5,3,628,0,0,13.29,0
2.87917732412566,8,4,3,336,1,2,13.58,0
1.858006731766436,21,5,4,297,1,0,11.36,1
7.180146887064508,15,4,4,73,1,1,12.8,0
13.758174116340875,18,6,3,624,0,0,12.39,0
14.130020004597473,14,2,6,487,1,1,8.46,0
0.960534092700986,13,0,3,501,1,0,12.34,0
10.386964194788252,19,5,2,38,1,0,16.59,0
6.686215277675606,9,1,2,698,0,2,12.81,0
1.457362238886478,20,1,2,218,1,0,14.94,1
0.3482758801762422,11,2,5,410,1,1,12.38,1
1.5598551563164251,0,2,5,672,1,2,11.13,1
12.16393797871606,20,6,1,144,0,0,16.51,0
5.014402010278992,16,1,1,531,1,0,8.85,0
6.383697167758628,8,5,1,664,1,0,9.53,1
1.4863215194438417,22,1,5,417,1,0,13.46,0
6.353914505692121,18,0,3,468,0,1,10.31,0
0.14262244397212923,17,4,4,348,1,0,11.02,1
2.352589573523283,6,0,1,473,0,2,16.7,1
4.927579069577103,8,6,3,689,0,2,12.0,1
0.7896858299565791,21,6,4,57,0,2,14.18,1
8.658128706138362,20,1,0,665,1,0,13.22,0
1.3396017973610632,11,4,4,427,1,0,12.03,1
5.281804605527639,6,1,3,106,0,0,11.72,0
2.597626301992397,13,0,4,616,1,1,13.78,0
4.532241582208916,14,0,3,387,1,0,11.08,0
0.5683668182306739,14,5,1,215,1,2,11.27,0
0.08528727326465901,5,5,2,580,1,1,11.46,1
12.015587932777432,20,0,3,263,1,1,10.75,0
1.571020179665576,13,4,1,277,0,1,11.91,0
8.565028035793866,1,6,2,428,1,1,11.02,0
36.695002834376666,7,5,4,358,0,0,13.04,0
1.18767847827395,12,5,5,672,1,0,12.82,1
1.540585538425381,22,3,3,34,1,0,12.38,1
5.436281873638286,5,3,1,377,0,1,11.91,0
16.82654105015206,4,5,5,428,1,0,8.83,0
12.373653891602308,4,1,4,288,0,2,6.65,0
3.494574108006709,0,4,5,448,0,2,10.76,1
7.926417040715163,8,2,3,420,0,0,10.23,1
0.729442009637046,5,5,4,619,1,1,13.74,0
18.95748184090207,19,3,3,144,0,0,8.84,0
16.670484262668804,6,4,2,33,1,0,11.22,0
0.8940125268997047,8,4,1,672,1,2,13.01,1
1.7792558795233624,4,3,2,157,1,2,13.33,1
0.5276637497063112,13,4,2,38,1,1,16.01,1
1.5853319620153947,4,4,2,353,1,2,9.66,0
8.462896376585956,7,3,5,147,0,1,9.4,0
2.376613610177816,6,0,4,496,0,1,7.94,1
0.46275327329987703,12,5,3,729,1,0,13.18,0
2.0944657461582463,12,1,3,680,1,0,10.31,0
19.918490454528396,7,2,2,492,0,0,12.19,0
4.9669874541322825,10,1,2,154,1,0,12.06,0
2.6906496364895647,17,0,3,252,1,1,11.83,1
0.9108389240709778,18,6,0,357,1,1,13.69,0
21.40703371231012,5,0,2,288,1,1,10.46,0
8.597631525189314,21,4,3,96,1,0,11.77,1
1.652789918877025,1,1,4,626,1,0,9.21,0
0.36322280964980125,12,0,4,91,1,0,12.43,1
0.2914599960539219,22,1,1,555,1,0,13.31,1
0.6413158960559024,10,0,1,663,1,2,11.12,0
4.3466610255777685,0,2,3,308,0,1,16.41,1
13.208744226866017,23,0,2,152,1,0,15.72,0
3.4332757772182476,1,1,3,618,1,1,16.49,0
9.25581144203833,16,4,7,301,0,1,7.71,0
2.951929779407672,7,1,3,531,0,1,9.93,0
6.165009603393448,1,3,0,687,1,2,15.61,0
6.5814677515537925,5,1,2,298,1,1,14.62,0
0.9555828342106922,21,2,6,597,0,2,9.59,1
2.2409450112157185,4,5,4,247,1,2,6.59,1
5.070925892504658,15,2,1,714,1,0,11.24,0
0.3666000728235618,7,2,1,581,1,0,14.05,0
2.2434827319387614,18,0,1,188,1,0,11.88,1
3.8264335552468083,15,2,2,389,0,1,9.67,0
27.896103062433365,12,1,5,494,1,2,9.48,0
3.2173447934139032,19,5,2,573,1,1,5.91,0
8.465640157676816,6,6,2,277,1,0,11.19,0
2.8287616345110407,15,4,4,670,0,1,9.95,0
7.957762143215298,22,6,3,320,0,1,12.22,0
4.5244646912975925,15,2,1,65,1,0,14.3,0
10.88396845052435,11,1,2,95,1,0,13.16,0
2.646157829381812,13,0,5,456,1,1,11.79,1
4.635550501401643,23,0,5,186,1,1,9.66,0
4.971513813887149,17,4,5,584,1,1,7.09,0
2.701125777246215,17,4,2,150,1,0,12.49,0
0.7792475315912574,15,1,2,221,1,0,10.65,0
0.4911489265562232,19,4,5,505,1,1,7.29,1
0.08406042520103338,15,4,4,383,1,2,11.96,1
10.338919355516333,12,0,5,572,1,2,7.17,1
1.349046479874378,8,1,3,386,1,1,12.96,0
1.1881571613140782,8,5,2,560,0,2,9.82,0
6.659701386750012,12,4,1,509,1,0,12.62,0
1.928430884047426,3,1,2,102,1,2,11.27,0
3.5265511817810955,8,2,5,420,1,0,12.27,1
0.8867361383283445,14,0,2,105,0,1,13.59,0
16.062694908427012,13,5,1,217,0,0,11.55,0
9.53859309645895,18,0,4,720,1,2,10.48,0
9.967773492423738,11,0,6,367,1,1,11.86,0
2.6108970788653374,20,3,6,505,0,0,12.19,1
7.1850173142149485,5,1,4,335,1,0,8.06,1
0.7767011751116064,2,2,4,678,0,0,13.43,1
0.04328180505526969,21,4,3,191,1,0,14.08,0
0.1008754394030048,19,2,2,76,0,0,12.76,0
4.416719172317864,15,1,1,53,1,1,13.02,0
3.0384717187561963,19,0,2,365,1,2,11.3,0
3.649215048235608,23,3,2,313,0,2,9.89,1
0.03745564495861902,22,1,2,203,1,0,13.08,0
2.7468501986632408,16,5,5,336,0,0,9.66,1
6.330449718228755,15,5,2,259,1,0,13.27,0
2.923201417484717,5,1,4,147,1,0,11.72,1
6.5879328358132,7,4,5,82,1,2,15.04,1
1.3264660167008058,18,2,1,221,0,1,15.59,0
8.387031664297618,1,2,2,601,0,1,13.49,0
4.438895889677394,13,4,5,552,1,0,5.73,1
1.1834437449777988,21,3,1,170,0,1,13.98,0
1.3506548298580014,11,0,6,684,1,2,12.36,1
4.944716610333097,16,6,1,142,1,0,12.35,0
8.858007855018075,14,6,2,293,0,2,16.78,0
2.6860856982106007,17,0,8,520,0,0,8.69,1
1.4940550440639475,15,5,6,373,1,0,9.79,0
10.08746712286573,12,3,1,552,1,2,11.22,0
5.5322389068689315,20,4,1,128,0,1,16.21,0
2.9718105648240645,16,6,5,502,0,0,8.34,1
3.3461787092205646,7,1,4,52,0,0,9.67,1
1.1423917047700014,0,2,4,268,0,1,7.04,0
4.92823928683616,2,1,1,650,1,1,14.99,0
2.2216210155004066,15,2,1,292,1,2,14.38,1
27.182356188317215,1,1,4,354,1,0,10.82,0
3.2713972183031093,14,4,4,701,1,1,12.28,0
3.326547411187799,0,4,0,713,1,0,15.29,0
4.171846497593944,8,3,2,416,1,1,11.67,0
12.429896311280482,15,1,0,635,1,1,12.43,0
8.067684003548298,3,1,3,151,1,0,8.17,1
2.9994689342521834,11,3,2,329,0,0,12.04,0
6.341654770395612,0,3,2,592,1,0,9.78,0
4.412291523205101,0,4,2,346,1,0,12.73,0
3.389983146863323,6,4,5,49,1,0,9.68,0
1.0679205237388774,17,5,6,571,1,0,8.4,1
3.117511067579936,22,1,2,329,0,0,14.49,0
1.4106116957404362,22,4,5,499,0,1,8.03,1
12.316243420641001,14,6,5,115,1,0,6.3,0
2.0429008756999796,12,4,6,698,1,0,8.75,0
15.21034876607742,15,1,3,434,1,2,10.12,0
3.8077221126473875,6,3,1,722,0,0,13.44,0
4.992175026026282,15,1,3,141,0,0,9.77,0
3.9147078908727058,12,6,0,168,1,1,14.84,0
0.69275193058819,13,0,4,39,1,0,8.85,1
2.35659221824097,16,1,3,320,1,1,9.63,0
0.5220610065703521,11,0,5,408,1,0,11.23,1
4.876941001226755,23,1,1,267,1,0,13.11,0
2.960849041080727,23,6,1,673,1,2,10.83,1
7.525051018873462,19,0,3,359,0,0,9.7,0
1.2453236102681322,12,0,2,214,0,0,11.65,0
0.8990199930991672,23,6,2,454,1,0,10.11,0
2.607177137396339,19,1,1,352,0,0,12.62,0
13.058161122364977,14,5,4,511,1,0,10.29,0
6.1966497469470525,23,4,2,630,1,0,10.57,0
2.7143653801211847,20,2,5,387,0,1,11.3,1
3.641511413053084,3,4,5,391,0,1,7.96,0
0.43985743151970524,21,0,2,65,0,1,14.89,0
20.859119113914257,1,1,3,545,1,1,11.16,0
5.489172526523908,17,1,4,359,0,2,9.48,1
1.680190133763775,1,1,4,298,1,2,11.88,0
4.407132981589317,14,1,3,99,1,0,11.67,0
0.5797618708386768,18,5,4,548,0,2,12.32,0
16.88301198736937,14,2,4,697,0,0,6.8,0
0.9605565292785413,19,3,9,407,0,1,7.83,1
5.221051189660951,9,0,5,322,0,1,8.96,0
1.4081982405382991,23,2,2,315,1,2,12.48,0
6.32147017858399,19,4,2,389,1,0,12.22,0
7.4989139221039345,10,3,1,615,0,1,15.89,0
5.5953975361256525,9,3,3,553,1,0,7.88,0
4.766063429317505,22,1,2,366,1,2,15.63,0
11.149884873066316,4,2,5,653,1,2,11.41,0
0.4094500823524139,8,4,5,571,1,0,10.3,0
2.0092191077925956,19,1,1,65,1,0,10.33,0
1.4270065743282434,18,1,4,517,0,0,7.46,1
22.12006406021946,12,6,2,408,0,0,11.28,0
2.4664823032037795,17,6,4,373,1,2,12.07,1
6.595285534958935,16,6,2,259,0,1,12.39,0
5.771552624718473,5,5,6,647,1,0,10.36,1
1.1918014384206752,9,0,2,604,1,1,9.47,0
1.3655943639142603,1,3,4,426,0,1,10.89,0
1.6514488822423736,23,4,5,450,1,0,12.19,0
2.64772605401502,5,3,5,585,1,0,12.9,1
1.3349878350048963,20,2,1,690,1,1,10.69,0
0.09923570344335414,12,0,2,431,0,0,11.7,0
10.576092121333105,17,1,0,517,0,0,13.32,0
16.849922757030818,6,0,8,75,1,0,6.35,0
2.0894882673058452,1,1,6,716,1,2,11.02,0
2.0662784760868442,13,6,1,183,1,0,18.94,0
0.03558539602992268,4,0,4,290,1,2,8.57,0
5.701089956198645,17,1,1,674,0,1,14.05,0
8.72743079836921,10,3,2,316,1,0,12.99,0
0.7926831725002745,9,6,5,697,1,1,10.63,1
0.8697813143735782,10,6,3,360,1,0,14.27,0
7.805221276493058,1,6,1,668,0,2,13.95,0
4.789350851774627,14,3,4,501,1,2,6.53,0
0.22948968102495335,6,3,3,298,1,0,8.73,0
4.871545980434359,8,3,2,663,1,1,10.27,0
1.8474819630602881,4,6,3,687,0,0,10.1,0
2.3000697074855663,6,0,3,693,0,0,11.32,0
7.342544524046479,19,1,1,186,1,0,12.77,0
8.328327133928745,1,3,1,697,1,1,9.55,0
2.557100892725221,2,0,4,643,1,0,7.58,0
14.70176560891229,1,1,5,458,0,0,5.76,1
2.60827624819199,20,6,6,281,1,2,6.09,1
7.388453823800264,21,0,1,296,1,1,15.18,0
3.3070534120651933,22,6,3,88,0,2,11.06,0
11.39103955424943,18,5,3,646,0,0,9.69,0
11.916874429382611,3,3,1,588,1,1,9.36,0
0.4573801411241316,23,2,4,629,0,2,8.77,1
13.783051799304848,19,0,1,200,0,0,14.41,0
8.73015111074391,6,3,3,693,1,1,12.55,1
7.834544022810766,21,4,3,717,0,0,11.1,0
1.1214168763685142,6,1,7,348,0,1,7.87,1
8.176836171509489,16,5,5,686,1,1,6.46,0
9.490026372696992,18,3,2,427,1,2,10.85,0
1.7064715619972592,21,4,7,44,0,1,9.51,1
15.209936497561712,15,0,5,491,0,2,8.65,0
0.2557304545292274,2,0,5,167,1,0,13.25,0
0.8120608715529732,14,4,1,179,0,0,15.61,0
3.856420855224157,13,5,5,622,1,0,9.09,1
4.287662442969723,14,4,3,606,1,1,11.07,0
5.180301743803973,13,1,4,683,1,0,15.25,0
0.08557377382997189,6,0,2,329,0,2,14.09,1
16.140437439062417,2,4,1,452,0,0,13.34,0
0.2280635749144228,16,2,6,448,0,0,9.57,0
0.7719482661154764,9,2,2,222,0,2,12.7,0
0.07056824072577171,14,4,3,312,0,0,11.57,1
4.183453302603049,5,1,3,283,0,1,9.46,0
13.460900297228664,16,0,1,533,1,0,12.4,0
5.482280565637971,16,2,1,714,1,0,10.33,0
8.648361050912513,13,4,3,342,1,0,13.05,0
0.06685093697652343,23,6,2,307,0,0,12.14,0
3.904597491099998,17,4,3,339,1,1,13.15,1
3.0768858290776064,4,3,2,215,0,1,9.85,0
3.455425981764517,7,4,5,253,0,2,12.84,1
0.37476649081804897,6,1,3,603,0,0,14.2,1
5.766958701168255,22,2,2,451,1,0,9.25,0
3.498044209589067,3,3,2,625,0,1,11.39,0
7.2440168459389,17,2,6,56,0,0,8.41,1
3.3207643780046463,4,2,5,410,0,2,7.12,0
0.8089585359779549,15,1,4,349,1,0,10.28,0
